id,event,pick,timestamp,name,points,alternate,season,point_multiplier,fedex
1,"",,"2020-09-21 01:56:03.203590","",1.0,,2020,1,-1.0e-09
2,"U.S. Open","Louis Oosthuizen","2020-09-21 02:12:11.856176",smk,861457.0,,2020,1,-1.0e-09
3,"Corales Puntacana Resort & Club Championship","Bill Haas","2020-09-23 02:06:21.845548",smk,0.0,,2020,1,-1.0e-09
4,"Corales Puntacana Resort & Club Championship","Matthias Schwab","2020-09-24 13:37:04.151062",DK,9160.0,,2020,1,-1.0e-09
5,"Sanderson Farms Championship","Scottie Scheffler","2020-09-30 12:44:23.601924",smk,28710.0,,2020,1,-1.0e-09
6,"Sanderson Farms Championship","Sungjae Im","2020-09-30 19:30:37.371294",DK,46200.0,,2020,1,-1.0e-09
7,"Shriners Hospitals for Children Open","Bryson DeChambeau","2020-10-07 20:46:50.296378",smk,190750.0,,2020,1,-1.0e-09
8,"Shriners Hospitals for Children Open","Rickie Fowler","2020-10-08 16:07:45.246406",DK,0.0,,2020,1,-1.0e-09
10,"Shriners Hospitals for Children Open","Jason Day","2020-10-08 16:59:28.632758",lucas,0.0,,2020,1,-1.0e-09
11,"THE CJ CUP @ SHADOW CREEK","Brooks Koepka","2020-10-14 18:05:24.743023",smk,57135.0,,2020,1,-1.0e-09
12,"THE CJ CUP @ SHADOW CREEK","Rory McIlroy","2020-10-15 04:26:26.641220",DK,91956.0,,2020,1,-1.0e-09
13,"THE CJ CUP @ SHADOW CREEK","Patrick Cantlay","2020-10-15 04:32:01.407844",lucas,40560.0,,2020,1,-1.0e-09
14,"The ZOZO CHAMPIONSHIP","Justin Thomas","2020-10-20 23:55:35.945511",smk,704000.0,"Daniel Berger",2020,1,-1.0e-09
15,"The ZOZO CHAMPIONSHIP","Collin Morikawa","2020-10-22 02:25:20.072684",lucas,17560.0,"Bubba Watson",2020,1,-1.0e-09
16,"The ZOZO CHAMPIONSHIP","Jon Rahm","2020-10-22 15:25:56.844665",DK,704000.0,"Harry Higgs",2020,1,-1.0e-09
17,"Bermuda Championship","Arjun Atwal","2020-10-27 17:27:31.484006",Andrew,0.0,"Brian Stuard",2020,1,-1.0e-09
18,"Bermuda Championship","Emiliano Grillo","2020-10-27 18:28:11.993433",DK,21800.0,"Jason Dufner",2020,1,-1.0e-09
19,"Bermuda Championship","Wesley Bryan","2020-10-28 16:12:33.082236",smk,0.0,"Ricky Barnes",2020,1,-1.0e-09
20,"Bermuda Championship","Aaron Baddeley","2020-10-28 21:10:52.046598","Thomas Davidson-park",0.0,"Aaron Baddeley",2020,1,-1.0e-09
21,"Bermuda Championship","Will Zalatoris","2020-10-28 21:46:54.332854","Jamil Rousseau",61000.0,"Aaron Wise",2020,1,-1.0e-09
22,"Bermuda Championship","Harold Varner III","2020-10-28 23:57:47.276200",lucas,0.0,"Denny McCarthy",2020,1,-1.0e-09
23,"Bermuda Championship","Anirban Lahiri","2020-10-29 05:16:47.370239",Sohale,93000.0,"Doc Redman",2020,1,-1.0e-09
24,"Vivint Houston Open","Sergio Garcia","2020-11-03 20:53:09.991214",smk,0.0,"Tony Finau",2020,1,-1.0e-09
25,"Vivint Houston Open","Dustin Johnson","2020-11-04 21:36:46.014503",DK,0.0,"Corey Conners",2020,1,-1.0e-09
26,"Vivint Houston Open","Russell Henley","2020-11-05 06:33:34.660380",Sohale,0.0,"Cameron Davis",2020,1,-1.0e-09
27,"2020 Masters Tournament","Dustin Johnson","2020-11-11 13:25:03.982621",smk,0.0,"Tiger Woods",2020,1,-1.0e-09
28,"2020 Masters Tournament","Justin Thomas","2020-11-11 21:51:22.057713",DK,0.0,"Xander Schauffele",2020,1,-1.0e-09
29,"2020 Masters Tournament","Bubba Watson","2020-11-12 03:52:11.848857",lucas,0.0,"Adam Scott",2020,1,-1.0e-09
30,"2020 Masters Tournament","Tyrrell Hatton","2020-11-12 03:52:52.522611","Jamil Rousseau",0.0,"Billy Horschel",2020,1,-1.0e-09
31,"2020 Masters Tournament","Bryson DeChambeau","2020-11-12 06:30:05.148128",Sohale,0.0,"Brooks Koepka",2020,1,-1.0e-09
32,"Farmers Insurance Open","Will Zalatoris","2021-01-26 22:39:33.714435",smk,0.0,"Tony Finau",2021,1,-1.0e-09
33,"Farmers Insurance Open","Hideki Matsuyama","2021-01-26 23:40:02.885011","Chris Karu",17496.0,"Viktor Hovland",2021,1,-1.0e-09
34,"Farmers Insurance Open","Harris English","2021-01-26 23:57:17.364687",Derek,0.0,"Viktor Hovland",2021,1,-1.0e-09
35,"Farmers Insurance Open","Will Zalatoris","2021-01-27 00:19:54.612132",Gibber46,125625.0,"Jason Day",2021,1,-1.0e-09
36,"Farmers Insurance Open","Marc Leishman","2021-01-27 00:53:24.218059","Brady Irwin",80761.0,"Harris English",2021,1,-1.0e-09
37,"Farmers Insurance Open","Matthew Wolff","2021-01-27 02:35:49.056506","Nick’s Price is Right ",0.0,"Si Woo Kim",2021,1,-1.0e-09
38,"Farmers Insurance Open","Cameron Davis","2021-01-27 18:03:23.974101",Andrew,42825.0,"Adam Scott",2021,1,-1.0e-09
39,"Farmers Insurance Open","Harris English","2021-01-27 18:03:27.238534","Thomas Davidson-park",0.0,"Marc Leishman",2021,1,-1.0e-09
40,"Farmers Insurance Open","Jon Rahm","2021-01-27 18:07:13.668757",Marc,235625.0,"Jared du Toit",2021,1,-1.0e-09
41,"Farmers Insurance Open","Tony Finau","2021-01-27 18:09:03.817157",DK,42825.0,"Tony Finau",2021,1,-1.0e-09
42,"Farmers Insurance Open","Brooks Koepka","2021-01-27 22:05:27.010405",Backus,0.0,"Hideki Matsuyama",2021,1,-1.0e-09
43,"Farmers Insurance Open","Sungjae Im","2021-01-27 22:19:53.752183",lucas,42825.0,"Gary Woodland",2021,1,-1.0e-09
44,"Farmers Insurance Open","Matthew Wolff","2021-01-28 01:34:05.768728","Jamil Rousseau",0.0,"Harris English",2021,1,-1.0e-09
45,"Farmers Insurance Open","Jason Day","2021-01-28 06:07:47.215609",Sohale,0.0,"Tony Finau",2021,1,-1.0e-09
46,"Farmers Insurance Open","Si Woo Kim","2021-02-01 01:26:07.444954","Nick’s Price is Right ",0.0,"Si Woo Kim",2021,1,-1.0e-09
47,"Farmers Insurance Open","Harris English","2021-02-01 01:26:14.544910","Jamil Rousseau",0.0,"Harris English",2021,1,-1.0e-09
48,"WM Phoenix Open","Sam Burns","2021-02-02 18:49:08.471338",smk,649700.0,"Sebastian Munoz",2021,1,-1.0e-09
49,"WM Phoenix Open","Jon Rahm","2021-02-02 19:18:45.410313",Gibber46,138700.0,"Hideki Matsuyama",2021,1,-1.0e-09
50,"WM Phoenix Open","Jon Rahm","2021-02-02 20:00:43.335470",DK,138700.0,"Daniel Berger",2021,1,-1.0e-09
51,"WM Phoenix Open","Justin Thomas","2021-02-02 20:40:51.623263","Nick’s Price is Right ",138700.0,"Xander Schauffele",2021,1,-1.0e-09
52,"WM Phoenix Open","Hideki Matsuyama","2021-02-02 21:08:41.051629",Marc,23853.0,"Xander Schauffele",2021,1,-1.0e-09
53,"WM Phoenix Open","Hideki Matsuyama","2021-02-03 07:34:50.631289","Thomas Davidson-park",23853.0,"Ryan Palmer",2021,1,-1.0e-09
54,"WM Phoenix Open","Xander Schauffele","2021-02-03 16:08:34.052176","Chris Karu",649700.0,"Daniel Berger",2021,1,-1.0e-09
55,"WM Phoenix Open","Jon Rahm","2021-02-03 19:06:13.366732",lucas,138700.0,"Bubba Watson",2021,1,-1.0e-09
56,"WM Phoenix Open","Daniel Berger","2021-02-03 22:22:20.387701","Jamil Rousseau",0.0,"Sungjae Im",2021,1,-1.0e-09
57,"WM Phoenix Open","Daniel Berger","2021-02-03 22:32:50.881028",Backus,0.0,"Gary Woodland",2021,1,-1.0e-09
58,"WM Phoenix Open","Sungjae Im","2021-02-04 01:29:56.851351",Derek,104025.0,"Xander Schauffele",2021,1,-1.0e-09
59,"WM Phoenix Open","Jon Rahm","2021-02-04 03:29:42.244067","Brady Irwin",138700.0,"Justin Thomas",2021,1,-1.0e-09
60,"WM Phoenix Open","Daniel Berger","2021-02-04 06:19:14.879300",Andrew,0.0,"Hideki Matsuyama",2021,1,-1.0e-09
61,"WM Phoenix Open","Daniel Berger","2021-02-04 06:21:44.344642",Sohale,0.0,"Will Zalatoris",2021,1,-1.0e-09
62,"AT&T Pebble Beach Pro-Am","Patrick Cantlay","2021-02-09 21:37:12.440975","Nick’s Price is Right ",460200.0,"Will Zalatoris",2021,1,-1.0e-09
63,"AT&T Pebble Beach Pro-Am","Kevin Streelman","2021-02-09 23:52:33.641485","Chris Karu",165750.0,"Paul Casey",2021,1,-1.0e-09
64,"AT&T Pebble Beach Pro-Am","Daniel Berger","2021-02-10 14:01:52.870612",DK,1404000.0,"Jordan Spieth",2021,1,-1.0e-09
65,"AT&T Pebble Beach Pro-Am","Daniel Berger","2021-02-10 16:29:27.542607","Thomas Davidson-park",1404000.0,"Jason Day",2021,1,-1.0e-09
66,"AT&T Pebble Beach Pro-Am","Patrick Cantlay","2021-02-10 18:37:56.231043",Marc,460200.0,"Jordan Spieth",2021,1,-1.0e-09
67,"AT&T Pebble Beach Pro-Am","Jason Day","2021-02-10 21:33:52.939720",lucas,228930.0,"Phil Mickelson",2021,1,-1.0e-09
68,"AT&T Pebble Beach Pro-Am","Will Zalatoris","2021-02-10 22:03:31.631930","Brady Irwin",18096.0,"Phil Mickelson",2021,1,-1.0e-09
69,"AT&T Pebble Beach Pro-Am","Patrick Cantlay","2021-02-11 00:40:05.428836",smk,460200.0,"Paul Casey",2021,1,-1.0e-09
70,"AT&T Pebble Beach Pro-Am","Patrick Cantlay","2021-02-11 01:22:47.063897",Gibber46,460200.0,"Kevin Streelman",2021,1,-1.0e-09
71,"AT&T Pebble Beach Pro-Am","Paul Casey","2021-02-11 02:35:31.775235",Backus,301275.0,"Rickie Fowler",2021,1,-1.0e-09
72,"AT&T Pebble Beach Pro-Am","Phil Mickelson","2021-02-11 03:16:02.833853","Jamil Rousseau",0.0,"Cameron Davis",2021,1,-1.0e-09
73,"AT&T Pebble Beach Pro-Am","Jason Day","2021-02-11 04:54:24.737333",Derek,228930.0,"Patrick Cantlay",2021,1,-1.0e-09
74,"AT&T Pebble Beach Pro-Am","Cameron Tringale","2021-02-11 06:39:27.368071",Sohale,228930.0,"Cameron Davis",2021,1,-1.0e-09
75,"AT&T Pebble Beach Pro-Am","Patrick Cantlay","2021-02-11 16:58:27.176366",Andrew,460200.0,"Nick Taylor",2021,1,-1.0e-09
76,"The Genesis Invitational","Bryson DeChambeau","2021-02-16 21:30:44.226547","Thomas Davidson-park",0.0,"Adam Scott",2021,1,-1.0e-09
77,"The Genesis Invitational","Patrick Cantlay","2021-02-16 21:40:49.563119",DK,151125.0,"Jordan Spieth",2021,1,-1.0e-09
78,"The Genesis Invitational","Tony Finau","2021-02-16 22:26:16.052628",smk,1013700.0,"Branden Grace",2021,1,-1.0e-09
79,"The Genesis Invitational","Xander Schauffele","2021-02-17 15:45:16.684692",Marc,151125.0,"Dustin Johnson",2021,1,-1.0e-09
80,"The Genesis Invitational","Xander Schauffele","2021-02-17 23:14:43.996038",Gibber46,151125.0,"Adam Scott",2021,1,-1.0e-09
81,"The Genesis Invitational","Patrick Cantlay","2021-02-18 00:13:03.744289",Derek,151125.0,"Jon Rahm",2021,1,-1.0e-09
82,"The Genesis Invitational","Viktor Hovland","2021-02-18 00:40:23.462427",Backus,344100.0,"Bubba Watson",2021,1,-1.0e-09
83,"The Genesis Invitational","Scottie Scheffler","2021-02-18 02:30:37.317517",lucas,101835.0,"Abraham Ancer",2021,1,-1.0e-09
84,"The Genesis Invitational","Jon Rahm","2021-02-18 04:43:52.168699","Chris Karu",344100.0,"Tony Finau",2021,1,-1.0e-09
85,"The Genesis Invitational","Patrick Cantlay","2021-02-18 06:32:36.129362",Sohale,151125.0,"Joaquin Niemann",2021,1,-1.0e-09
86,"The Genesis Invitational","Viktor Hovland","2021-02-18 14:18:26.703362","Nick’s Price is Right ",344100.0,"Adam Hadwin",2021,1,-1.0e-09
87,"The Genesis Invitational","Patrick Cantlay","2021-02-18 14:24:47.772599","Brady Irwin",151125.0,"Justin Thomas",2021,1,-1.0e-09
88,"The Genesis Invitational","Abraham Ancer","2021-02-18 16:12:50.575410","Jamil Rousseau",0.0,"Xander Schauffele",2021,1,-1.0e-09
89,"WGC-Workday Championship at The Concession","Bryson DeChambeau","2021-02-24 01:07:00.492751","Nick’s Price is Right ",100833.0,"Joaquin Niemann",2021,1,-1.0e-09
90,"WGC-Workday Championship at The Concession","Xander Schauffele","2021-02-24 04:01:46.209409",DK,55000.0,"Tony Finau",2021,1,-1.0e-09
91,"WGC-Workday Championship at The Concession","Webb Simpson","2021-02-24 05:29:38.799320",lucas,320667.0,"Justin Thomas",2021,1,-1.0e-09
92,"WGC-Workday Championship at The Concession","Jon Rahm","2021-02-24 16:59:14.675939",smk,72000.0,"Louis Oosthuizen",2021,1,-1.0e-09
93,"WGC-Workday Championship at The Concession","Rory McIlroy","2021-02-24 18:14:24.301068","Thomas Davidson-park",320667.0,"Collin Morikawa",2021,1,-1.0e-09
94,"WGC-Workday Championship at The Concession","Tony Finau","2021-02-24 19:19:13.990609",Marc,165000.0,"Collin Morikawa",2021,1,-1.0e-09
95,"WGC-Workday Championship at The Concession","Viktor Hovland","2021-02-24 19:52:40.309444","Chris Karu",783333.0,"Bubba Watson",2021,1,-1.0e-09
96,"WGC-Workday Championship at The Concession","Webb Simpson","2021-02-24 22:12:07.078860","Jamil Rousseau",320667.0,"Jon Rahm",2021,1,-1.0e-09
97,"WGC-Workday Championship at The Concession","Dustin Johnson","2021-02-24 22:16:44.642891",Gibber46,38300.0,"Brooks Koepka",2021,1,-1.0e-09
98,"WGC-Workday Championship at The Concession","Webb Simpson","2021-02-24 22:40:23.008448",Backus,320667.0,"Patrick Cantlay",2021,1,-1.0e-09
99,"WGC-Workday Championship at The Concession","Dustin Johnson","2021-02-25 01:44:49.444177","Brady Irwin",38300.0,"Viktor Hovland",2021,1,-1.0e-09
100,"WGC-Workday Championship at The Concession","Sungjae Im","2021-02-25 02:45:37.030861",Andrew,82500.0,"Bubba Watson",2021,1,-1.0e-09
101,"WGC-Workday Championship at The Concession","Viktor Hovland","2021-02-25 03:10:08.322337",Derek,783333.0,"Xander Schauffele",2021,1,-1.0e-09
102,"WGC-Workday Championship at The Concession","Viktor Hovland","2021-02-25 06:44:45.870895",Sohale,783333.0,"Tyrrell Hatton",2021,1,-1.0e-09
103,"Arnold Palmer Invitational Pres. By Mastercard","Patrick Reed","2021-03-02 18:36:04.310950","Thomas Davidson-park",0.0,"Marc Leishman",2021,1,-1.0e-09
104,"Arnold Palmer Invitational Pres. By Mastercard","Patrick Reed","2021-03-02 20:58:15.658811","Nick’s Price is Right ",0.0,"Matthew Fitzpatrick",2021,1,-1.0e-09
105,"Arnold Palmer Invitational Pres. By Mastercard","Matthew Fitzpatrick","2021-03-02 21:27:44.218545",DK,195300.0,"Billy Horschel",2021,1,-1.0e-09
106,"Arnold Palmer Invitational Pres. By Mastercard","Rory McIlroy","2021-03-02 23:38:52.476349",Backus,195300.0,"Tyrrell Hatton",2021,1,-1.0e-09
107,"Arnold Palmer Invitational Pres. By Mastercard","Sungjae Im","2021-03-03 15:00:58.387660","Brady Irwin",97557.0,"Matthew Fitzpatrick",2021,1,-1.0e-09
108,"Arnold Palmer Invitational Pres. By Mastercard","Patrick Reed","2021-03-03 16:36:49.969953",smk,0.0,"Justin Rose",2021,1,-1.0e-09
109,"Arnold Palmer Invitational Pres. By Mastercard","Rory McIlroy","2021-03-03 16:41:23.681327",Marc,195300.0,"Patrick Reed",2021,1,-1.0e-09
110,"Arnold Palmer Invitational Pres. By Mastercard","Matthew Fitzpatrick","2021-03-03 16:48:48.938211",Andrew,195300.0,"Jordan Spieth",2021,1,-1.0e-09
111,"Arnold Palmer Invitational Pres. By Mastercard","Sungjae Im","2021-03-03 18:57:50.453265",Gibber46,97557.0,"Billy Horschel",2021,1,-1.0e-09
112,"Arnold Palmer Invitational Pres. By Mastercard","Matthew Fitzpatrick","2021-03-03 19:42:00.702166","Chris Karu",195300.0,"Will Zalatoris",2021,1,-1.0e-09
113,"Arnold Palmer Invitational Pres. By Mastercard","Patrick Reed","2021-03-03 23:25:37.714336",lucas,0.0,"Kevin Na",2021,1,-1.0e-09
114,"Arnold Palmer Invitational Pres. By Mastercard","Patrick Reed","2021-03-04 01:34:12.082110","Jamil Rousseau",0.0,"Tyrrell Hatton",2021,1,-1.0e-09
115,"Arnold Palmer Invitational Pres. By Mastercard","Patrick Reed","2021-03-04 06:33:27.343043",Sohale,0.0,"Matthew Fitzpatrick",2021,1,-1.0e-09
116,"THE PLAYERS Championship","Webb Simpson","2021-03-09 20:09:48.476494",Gibber46,0.0,"Collin Morikawa",2021,1,-1.0e-09
117,"THE PLAYERS Championship","Xander Schauffele","2021-03-09 20:14:21.574922","Thomas Davidson-park",0.0,"Sergio Garcia",2021,1,-1.0e-09
118,"THE PLAYERS Championship","Jordan Spieth","2021-03-09 21:00:44.238459","Nick’s Price is Right ",38036.0,"Gary Woodland",2021,1,-1.0e-09
119,"THE PLAYERS Championship","Rory McIlroy","2021-03-09 21:20:45.938820",DK,0.0,"Jordan Spieth",2021,1,-1.0e-09
120,"THE PLAYERS Championship","Xander Schauffele","2021-03-09 22:21:32.826390",Backus,0.0,"Dustin Johnson",2021,1,-1.0e-09
121,"THE PLAYERS Championship","Collin Morikawa","2021-03-09 22:29:28.784453",smk,53250.0,"Louis Oosthuizen",2021,1,-1.0e-09
122,"THE PLAYERS Championship","Dustin Johnson","2021-03-10 05:24:27.936746",Andrew,38036.0,"Viktor Hovland",2021,1,-1.0e-09
123,"THE PLAYERS Championship","Joaquin Niemann","2021-03-10 06:05:42.001573",lucas,96125.0,"Paul Casey",2021,1,-1.0e-09
124,"THE PLAYERS Championship","Justin Thomas","2021-03-10 17:19:38.984152","Chris Karu",2700000.0,"Collin Morikawa",2021,1,-1.0e-09
125,"THE PLAYERS Championship","Justin Thomas","2021-03-10 20:15:46.553177",Marc,2700000.0,"Jason Day",2021,1,-1.0e-09
126,"THE PLAYERS Championship","Jon Rahm","2021-03-10 21:30:33.468823","Jamil Rousseau",339375.0,"Dustin Johnson",2021,1,-1.0e-09
127,"THE PLAYERS Championship","Webb Simpson","2021-03-11 04:14:26.714221","Brady Irwin",0.0,"Xander Schauffele",2021,1,-1.0e-09
128,"THE PLAYERS Championship","Collin Morikawa","2021-03-11 05:42:36.893372",Derek,53250.0,"Xander Schauffele",2021,1,-1.0e-09
129,"THE PLAYERS Championship","Webb Simpson","2021-03-11 06:28:15.565561",Sohale,0.0,"Jon Rahm",2021,1,-1.0e-09
130,"The Honda Classic","Adam Scott","2021-03-16 17:18:09.610973","Thomas Davidson-park",125417.0,"Lee Westwood",2021,1,-1.0e-09
131,"The Honda Classic","Joaquin Niemann","2021-03-16 23:19:35.598634","Chris Karu",54950.0,"Talor Gooch",2021,1,-1.0e-09
132,"The Honda Classic","Shane Lowry","2021-03-17 02:59:05.767824","Nick’s Price is Right ",29785.0,"Adam Scott",2021,1,-1.0e-09
133,"The Honda Classic","Sungjae Im","2021-03-17 11:28:57.655415",smk,190750.0,"Zach Johnson",2021,1,-1.0e-09
134,"The Honda Classic","Nick Taylor","2021-03-17 12:29:40.542292",Gibber46,0.0,"Nick Taylor",2021,1,-1.0e-09
135,"The Honda Classic","Keegan Bradley","2021-03-17 14:49:54.799851",Marc,45850.0,"Sungjae Im",2021,1,-1.0e-09
136,"The Honda Classic","Joaquin Niemann","2021-03-17 17:23:05.342012",DK,54950.0,"Brendan Steele",2021,1,-1.0e-09
137,"The Honda Classic","Russell Henley","2021-03-17 21:33:34.508428",lucas,320600.0,"Adam Hadwin",2021,1,-1.0e-09
138,"The Honda Classic","Brendan Steele","2021-03-18 00:37:22.310527",Backus,320600.0,"Sungjae Im",2021,1,-1.0e-09
139,"The Honda Classic","Shane Lowry","2021-03-18 02:04:42.398306","Jamil Rousseau",29785.0,"Sungjae Im",2021,1,-1.0e-09
140,"The Honda Classic","Shane Lowry","2021-03-18 03:30:23.983275","Brady Irwin",29785.0,"Joaquin Niemann",2021,1,-1.0e-09
141,"The Honda Classic","Joaquin Niemann","2021-03-18 04:43:54.853325",Derek,54950.0,"Brendan Steele",2021,1,-1.0e-09
142,"The Honda Classic","Joaquin Niemann","2021-03-18 05:22:57.042827",Sohale,54950.0,"Sungjae Im",2021,1,-1.0e-09
143,"WGC Dell Technologies Match Play","Bryson DeChambeau","2021-03-23 13:28:20.059685",smk,47571.43,"Cameron Smith",2021,1,-1.0e-09
144,"WGC Dell Technologies Match Play","Will Zalatoris","2021-03-23 14:28:24.750042",Gibber46,75000.0,"Jason Day",2021,1,-1.0e-09
145,"WGC Dell Technologies Match Play","Paul Casey","2021-03-23 14:35:38.145793","Nick’s Price is Right ",75000.0,"Harris English",2021,1,-1.0e-09
146,"WGC Dell Technologies Match Play","Tyrrell Hatton","2021-03-23 15:12:59.263035","Thomas Davidson-park",38000.0,"Jason Day",2021,1,-1.0e-09
147,"WGC Dell Technologies Match Play","Patrick Reed","2021-03-23 15:22:29.566689",DK,75000.0,"Collin Morikawa",2021,1,-1.0e-09
148,"WGC Dell Technologies Match Play","Sungjae Im","2021-03-23 15:49:02.566148",Sohale,47571.43,"Rory McIlroy",2021,1,-1.0e-09
149,"WGC Dell Technologies Match Play","Viktor Hovland","2021-03-23 19:42:30.599072",lucas,47571.43,"Harris English",2021,1,-1.0e-09
150,"WGC Dell Technologies Match Play","Paul Casey","2021-03-23 21:05:13.182824",Marc,75000.0,"Corey Conners",2021,1,-1.0e-09
151,"WGC Dell Technologies Match Play","Patrick Reed","2021-03-23 23:34:15.661217",Backus,75000.0,"Bryson DeChambeau",2021,1,-1.0e-09
152,"WGC Dell Technologies Match Play","Patrick Reed","2021-03-24 04:30:39.221447",Derek,75000.0,"Jon Rahm",2021,1,-1.0e-09
153,"WGC Dell Technologies Match Play","Tony Finau","2021-03-24 04:36:12.509941","Jamil Rousseau",75000.0,"Billy Horschel",2021,1,-1.0e-09
154,"WGC Dell Technologies Match Play","Tony Finau","2021-03-24 05:22:23.731646","Chris Karu",75000.0,"Paul Casey",2021,1,-1.0e-09
155,"Valero Texas Open","Ryan Palmer","2021-03-30 16:53:41.145894",smk,105875.0,"Abraham Ancer",2021,1,-1.0e-09
156,"Valero Texas Open","Tony Finau","2021-03-30 17:10:51.005145",DK,0.0,"Jordan Spieth",2021,1,-1.0e-09
157,"Valero Texas Open","Scottie Scheffler","2021-03-30 17:20:19.569476",Marc,17941.0,"Matt Kuchar",2021,1,-1.0e-09
158,"Valero Texas Open","Abraham Ancer","2021-03-30 17:40:07.041605","Nick’s Price is Right ",65285.0,"Adam Hadwin",2021,1,-1.0e-09
159,"Valero Texas Open","Scottie Scheffler","2021-03-30 18:44:04.848075","Thomas Davidson-park",17941.0,"Abraham Ancer",2021,1,-1.0e-09
160,"Valero Texas Open","Corey Conners","2021-03-30 19:49:36.362549","Chris Karu",140525.0,"Jordan Spieth",2021,1,-1.0e-09
161,"Valero Texas Open","Corey Conners","2021-03-31 16:07:41.469986",Gibber46,140525.0,"Cameron Champ",2021,1,-1.0e-09
162,"Valero Texas Open","Tony Finau","2021-03-31 20:45:31.107814",Backus,0.0,"Jordan Spieth",2021,1,-1.0e-09
163,"Valero Texas Open","Tony Finau","2021-03-31 22:53:42.979207",lucas,0.0,"Aaron Wise",2021,1,-1.0e-09
164,"Valero Texas Open","Brendan Steele","2021-04-01 00:10:05.932913","Jamil Rousseau",14707.0,"Chris Kirk",2021,1,-1.0e-09
165,"Valero Texas Open","Corey Conners","2021-04-01 00:43:46.019556",Andrew,140525.0,"Abraham Ancer",2021,1,-1.0e-09
166,"Valero Texas Open","Jordan Spieth","2021-04-01 02:27:30.327182","Brady Irwin",1386000.0,"Corey Conners",2021,1,-1.0e-09
167,"Valero Texas Open","Jordan Spieth","2021-04-01 04:51:44.825297",Derek,1386000.0,"Scottie Scheffler",2021,1,-1.0e-09
168,"Valero Texas Open","Hideki Matsuyama","2021-04-01 05:37:58.622809",Sohale,49280.0,"Jordan Spieth",2021,1,-1.0e-09
169,"2021 Masters Tournament","Jordan Spieth","2021-04-06 15:28:54.670668",smk,667000.0,"Webb Simpson",2021,1,-1.0e-09
170,"2021 Masters Tournament","Jon Rahm","2021-04-06 16:24:35.546197","Nick’s Price is Right ",437000.0,"Dustin Johnson",2021,1,-1.0e-09
171,"2021 Masters Tournament","Justin Thomas","2021-04-06 16:28:35.170969",DK,119600.0,"Jordan Spieth",2021,1,-1.0e-09
172,"2021 Masters Tournament","Jordan Spieth","2021-04-06 16:44:23.701947",Marc,667000.0,"Jason Day",2021,1,-1.0e-09
173,"2021 Masters Tournament","Jon Rahm","2021-04-06 17:29:23.560843",Andrew,437000.0,"Sergio Garcia",2021,1,-1.0e-09
174,"2021 Masters Tournament","Dustin Johnson","2021-04-06 17:45:36.259217","Thomas Davidson-park",10000.0,"Cameron Smith",2021,1,-1.0e-09
175,"2021 Masters Tournament","Bryson DeChambeau","2021-04-06 22:03:07.997120",lucas,33503.0,"Jordan Spieth",2021,1,-1.0e-09
176,"2021 Masters Tournament","Cameron Smith","2021-04-06 23:00:19.426654",Backus,218500.0,"Bryson DeChambeau",2021,1,-1.0e-09
177,"2021 Masters Tournament","Jordan Spieth","2021-04-07 00:34:25.051307",Gibber46,667000.0,"Justin Thomas",2021,1,-1.0e-09
178,"2021 Masters Tournament","Jordan Spieth","2021-04-07 15:53:37.595840","Chris Karu",667000.0,"Abraham Ancer",2021,1,-1.0e-09
179,"2021 Masters Tournament","Justin Thomas","2021-04-08 00:10:38.164260","Brady Irwin",119600.0,"Collin Morikawa",2021,1,-1.0e-09
180,"2021 Masters Tournament","Justin Thomas","2021-04-08 00:19:20.177930","Jamil Rousseau",119600.0,"Bryson DeChambeau",2021,1,-1.0e-09
181,"2021 Masters Tournament","Dustin Johnson","2021-04-08 01:02:54.597973",Derek,10000.0,"Justin Thomas",2021,1,-1.0e-09
182,"2021 Masters Tournament","Jon Rahm","2021-04-08 05:17:26.652202",Sohale,437000.0,"Brooks Koepka",2021,1,-1.0e-09
183,"RBC Heritage","Corey Conners","2021-04-13 17:20:43.036426",DK,298792.0,"Will Zalatoris",2021,1,-1.0e-09
184,"RBC Heritage","Kevin Na","2021-04-13 17:22:47.208529","Thomas Davidson-park",0.0,"Abraham Ancer",2021,1,-1.0e-09
185,"RBC Heritage","Matt Fitzpatrick","2021-04-13 23:42:35.802718","Nick’s Price is Right ",298792.0,"Webb Simpson",2021,1,-1.0e-09
186,"RBC Heritage","Corey Conners","2021-04-14 04:02:57.226377",Marc,298792.0,"Will Zalatoris",2021,1,-1.0e-09
187,"RBC Heritage","Matt Fitzpatrick","2021-04-14 16:10:31.553867",smk,298792.0,"Kevin Na",2021,1,-1.0e-09
188,"RBC Heritage","Tyrrell Hatton","2021-04-14 19:21:19.418437",lucas,30885.0,"Collin Morikawa",2021,1,-1.0e-09
189,"RBC Heritage","Collin Morikawa","2021-04-14 20:05:21.433593",Backus,230750.0,"Mackenzie Hughes",2021,1,-1.0e-09
190,"RBC Heritage","Billy Horschel","2021-04-14 21:31:05.633812",Gibber46,52274.0,"Kevin Kisner",2021,1,-1.0e-09
191,"RBC Heritage","Dustin Johnson","2021-04-15 02:13:09.366003","Jamil Rousseau",130995.0,"Patrick Cantlay",2021,1,-1.0e-09
192,"RBC Heritage","Cameron Smith","2021-04-15 05:20:08.968044",Derek,186375.0,"Webb Simpson",2021,1,-1.0e-09
193,"RBC Heritage","Collin Morikawa","2021-04-15 05:23:50.353563",Sohale,230750.0,"Corey Conners",2021,1,-1.0e-09
194,"RBC Heritage","Webb Simpson","2021-04-15 14:36:09.412116","Chris Karu",186375.0,"Aaron Wise",2021,1,-1.0e-09
195,"Zurich Classic of New Orleans","Xander Schauffele","2021-04-21 13:46:56.288816","Nick’s Price is Right ",62943.0,"Scottie Scheffler",2021,1,-1.0e-09
196,"Zurich Classic of New Orleans","Marc Leishman","2021-04-21 14:56:57.429130","Thomas Davidson-park",1069300.0,"Akshay Bhatia",2021,1,-1.0e-09
197,"Zurich Classic of New Orleans","Marc Leishman","2021-04-21 15:13:09.399109",DK,1069300.0,"Ryan Palmer",2021,1,-1.0e-09
198,"Zurich Classic of New Orleans","Ryan Palmer","2021-04-21 16:02:17.033261",Andrew,149850.0,"Marc Leishman",2021,1,-1.0e-09
199,"Zurich Classic of New Orleans","Cameron Champ","2021-04-21 19:18:51.409898",Marc,37463.0,"C.T. Pan",2021,1,-1.0e-09
200,"Zurich Classic of New Orleans","Marc Leishman","2021-04-21 19:44:15.115773",Backus,1069300.0,"Billy Horschel",2021,1,-1.0e-09
201,"Zurich Classic of New Orleans","Patrick Cantlay","2021-04-21 20:09:27.190396","Chris Karu",62943.0,"Aaron Baddeley",2021,1,-1.0e-09
202,"Zurich Classic of New Orleans","Jason Kokrak","2021-04-21 20:17:45.531681",Gibber46,28120.0,"Keith Mitchell",2021,1,-1.0e-09
203,"Zurich Classic of New Orleans","Cameron Champ","2021-04-21 21:48:13.622248",smk,37463.0,"Bubba Watson",2021,1,-1.0e-09
204,"Zurich Classic of New Orleans","Cameron Champ","2021-04-21 23:45:00.460004",lucas,37463.0,"Bubba Watson",2021,1,-1.0e-09
205,"Zurich Classic of New Orleans","Marc Leishman","2021-04-21 23:45:26.436741","Jamil Rousseau",1069300.0,"Byeong Hun An",2021,1,-1.0e-09
206,"Zurich Classic of New Orleans","Henrik Stenson","2021-04-22 03:20:14.864286","Brady Irwin",62943.0,"Billy Horschel",2021,1,-1.0e-09
207,"Zurich Classic of New Orleans","Bubba Watson","2021-04-22 04:34:00.432846",Derek,116550.0,"Marc Leishman",2021,1,-1.0e-09
208,"Zurich Classic of New Orleans","Ryan Palmer","2021-04-22 05:30:43.318355",Sohale,149850.0,"Kris Ventura",2021,1,-1.0e-09
209,"Valspar Championship","Jason Kokrak","2021-04-27 19:58:43.539904","Nick’s Price is Right ",127305.0,"Corey Conners",2021,1,-1.0e-09
210,"Valspar Championship","Viktor Hovland","2021-04-27 23:04:02.962955","Thomas Davidson-park",407100.0,"Louis Oosthuizen",2021,1,-1.0e-09
211,"Valspar Championship","Scottie Scheffler","2021-04-28 04:41:20.230631",DK,40572.0,"Louis Oosthuizen",2021,1,-1.0e-09
212,"Valspar Championship","Viktor Hovland","2021-04-28 15:51:13.710767","Jamil Rousseau",407100.0,"Corey Conners",2021,1,-1.0e-09
213,"Valspar Championship","Patrick Reed","2021-04-28 16:25:30.383184",Marc,0.0,"Louis Oosthuizen",2021,1,-1.0e-09
214,"Valspar Championship","Abraham Ancer","2021-04-28 17:39:25.244244",Backus,282900.0,"Emiliano Grillo",2021,1,-1.0e-09
215,"Valspar Championship","Viktor Hovland","2021-04-28 21:00:08.763108",smk,407100.0,"Paul Casey",2021,1,-1.0e-09
216,"Valspar Championship","Corey Conners","2021-04-29 02:30:56.551620",lucas,65291.0,"Gary Woodland",2021,1,-1.0e-09
217,"Valspar Championship","Patrick Reed","2021-04-29 03:07:01.183445","Brady Irwin",0.0,"Corey Conners",2021,1,-1.0e-09
218,"Valspar Championship","Corey Conners","2021-04-29 05:23:28.964954",Derek,65291.0,"Jason Kokrak",2021,1,-1.0e-09
219,"Valspar Championship","Corey Conners","2021-04-29 05:35:53.146535",Sohale,65291.0,"Paul Casey",2021,1,-1.0e-09
220,"Valspar Championship","Abraham Ancer","2021-04-29 06:40:20.883652",Andrew,282900.0,"Jason Kokrak",2021,1,-1.0e-09
221,"Valspar Championship","Joaquin Niemann","2021-04-29 12:52:22.806138",Gibber46,201825.0,"Louis Oosthuizen",2021,1,-1.0e-09
222,"Wells Fargo Championship","Cameron Tringale","2021-05-04 19:43:32.860086","Thomas Davidson-park",0.0,"Cameron Tringale",2021,1,-1.0e-09
223,"Wells Fargo Championship","Tony Finau","2021-05-04 20:15:46.142185","Nick’s Price is Right ",0.0,"Webb Simpson",2021,1,-1.0e-09
224,"Wells Fargo Championship","Harold Varner III","2021-05-04 21:55:22.646876","Jamil Rousseau",0.0,"Will Zalatoris",2021,1,-1.0e-09
225,"Wells Fargo Championship","Abraham Ancer","2021-05-05 03:46:27.153301",DK,882900.0,"Abraham Ancer",2021,1,-1.0e-09
226,"Wells Fargo Championship","Will Zalatoris","2021-05-05 04:58:39.454473",Derek,0.0,"Abraham Ancer",2021,1,-1.0e-09
227,"Wells Fargo Championship","Abraham Ancer","2021-05-05 11:43:14.113335",Gibber46,882900.0,"Joel Dahmen",2021,1,-1.0e-09
228,"Wells Fargo Championship","Bryson DeChambeau","2021-05-05 18:01:16.629221","Chris Karu",228825.0,"Aaron Wise",2021,1,-1.0e-09
229,"Wells Fargo Championship","Viktor Hovland","2021-05-05 20:26:52.815444",Andrew,477900.0,"Justin Thomas",2021,1,-1.0e-09
230,"Wells Fargo Championship","Rory McIlroy","2021-05-05 22:08:24.456603",lucas,1458000.0,"Patrick Cantlay",2021,1,-1.0e-09
231,"Wells Fargo Championship","Viktor Hovland","2021-05-05 22:43:14.736818","Brady Irwin",477900.0,"Abraham Ancer",2021,1,-1.0e-09
232,"Wells Fargo Championship","Will Zalatoris","2021-05-05 23:24:04.380959",smk,0.0,"Webb Simpson",2021,1,-1.0e-09
233,"Wells Fargo Championship","Max Homa","2021-05-06 05:18:19.617449",Sohale,0.0,"Rory McIlroy",2021,1,-1.0e-09
234,"Wells Fargo Championship","Adam Hadwin","2021-05-06 17:21:56.785878",Backus,0.0,"Andrew Putnam",2021,1,-1.0e-09
235,"AT&T Byron Nelson","Matt Fitzpatrick","2021-05-11 18:56:39.473147","Thomas Davidson-park",0.0,"Jordan Spieth",2021,1,-1.0e-09
236,"AT&T Byron Nelson","Scottie Scheffler","2021-05-11 20:37:53.573060","Nick’s Price is Right ",20959.0,"Kristoffer Ventura",2021,1,-1.0e-09
237,"AT&T Byron Nelson","Marc Leishman","2021-05-11 21:28:31.195473",Marc,84969.0,"Danny Lee",2021,1,-1.0e-09
238,"AT&T Byron Nelson","Jordan Spieth","2021-05-11 21:49:45.220264",DK,212625.0,"Ryan Palmer",2021,1,-1.0e-09
239,"AT&T Byron Nelson","Scottie Scheffler","2021-05-11 22:08:02.431825","Chris Karu",20959.0,"Will Zalatoris",2021,1,-1.0e-09
240,"AT&T Byron Nelson","Bryson DeChambeau","2021-05-12 16:59:09.626721",Backus,18630.0,"Jon Rahm",2021,1,-1.0e-09
241,"AT&T Byron Nelson","Scottie Scheffler","2021-05-12 19:19:35.421603","Brady Irwin",20959.0,"Aaron Baddeley",2021,1,-1.0e-09
242,"AT&T Byron Nelson","Will Zalatoris","2021-05-12 21:19:26.441734",lucas,119475.0,"James Hahn",2021,1,-1.0e-09
243,"AT&T Byron Nelson","Daniel Berger","2021-05-12 21:32:37.149879",smk,395381.0,"Erik van Rooyen",2021,1,-1.0e-09
244,"AT&T Byron Nelson","Scottie Scheffler","2021-05-12 21:55:43.592223",Andrew,20959.0,"Brooks Koepka",2021,1,-1.0e-09
245,"AT&T Byron Nelson","Scottie Scheffler","2021-05-12 23:20:38.489569",Gibber46,20959.0,"Hideki Matsuyama",2021,1,-1.0e-09
246,"AT&T Byron Nelson","Scottie Scheffler","2021-05-13 02:29:36.814866","Jamil Rousseau",20959.0,"Jordan Spieth",2021,1,-1.0e-09
247,"AT&T Byron Nelson","Jon Rahm","2021-05-13 05:41:00.621034",Derek,42201.0,"Daniel Berger",2021,1,-1.0e-09
248,"AT&T Byron Nelson","Will Zalatoris","2021-05-13 05:44:35.907122",Sohale,119475.0,"Scottie Scheffler",2021,1,-1.0e-09
249,"PGA Championship","Daniel Berger","2021-05-18 15:32:48.664579","Nick’s Price is Right ",19050.0,"Rory McIlroy",2021,1,-1.0e-09
250,"PGA Championship","Bryson DeChambeau","2021-05-18 15:36:02.908407",Marc,42000.0,"Collin Morikawa",2021,1,-1.0e-09
251,"PGA Championship","Xander Schauffele","2021-05-18 16:05:16.665300","Jamil Rousseau",0.0,"Bryson DeChambeau",2021,1,-1.0e-09
252,"PGA Championship","Cameron Smith","2021-05-18 16:11:09.731319",DK,21400.0,"Tyrrell Hatton",2021,1,-1.0e-09
253,"PGA Championship","Jon Rahm","2021-05-18 17:50:14.707372","Thomas Davidson-park",263000.0,"Cameron Smith",2021,1,-1.0e-09
254,"PGA Championship","Jon Rahm","2021-05-18 17:56:05.745361",Backus,263000.0,"Justin Thomas",2021,1,-1.0e-09
255,"PGA Championship","Collin Morikawa","2021-05-18 20:48:19.737963","Chris Karu",263000.0,"Will Zalatoris",2021,1,-1.0e-09
256,"PGA Championship","Justin Thomas","2021-05-19 05:50:36.081842",Gibber46,0.0,"Bryson DeChambeau",2021,1,-1.0e-09
257,"PGA Championship","Rory McIlroy","2021-05-19 11:39:43.759331",smk,24950.0,"Louis Oosthuizen",2021,1,-1.0e-09
258,"PGA Championship","Xander Schauffele","2021-05-19 15:50:19.690469",Andrew,0.0,"Rory McIlroy",2021,1,-1.0e-09
259,"PGA Championship","Jordan Spieth","2021-05-19 17:42:50.465262",lucas,59750.0,"Cameron Smith",2021,1,-1.0e-09
260,"PGA Championship","Rory McIlroy","2021-05-20 03:12:24.663460","Brady Irwin",24950.0,"Cameron Smith",2021,1,-1.0e-09
261,"PGA Championship","Justin Thomas","2021-05-20 05:30:45.454655",Sohale,0.0,"Rory McIlroy",2021,1,-1.0e-09
262,"PGA Championship","Rory McIlroy","2021-05-20 05:35:53.696586",Derek,24950.0,"Daniel Berger",2021,1,-1.0e-09
263,"Charles Schwab Challenge","Corey Conners","2021-05-25 18:23:29.634526","Nick’s Price is Right ",68438.0,"Collin Morikawa",2021,1,-1.0e-09
264,"Charles Schwab Challenge","Will Zalatoris","2021-05-25 21:47:24.089077",DK,16875.0,"Collin Morikawa",2021,1,-1.0e-09
265,"Charles Schwab Challenge","Jordan Spieth","2021-05-25 21:47:48.766817","Thomas Davidson-park",817500.0,"Michael Visacki",2021,1,-1.0e-09
266,"Charles Schwab Challenge","Abraham Ancer","2021-05-25 22:14:17.368415","Chris Karu",125625.0,"Phil Mickelson",2021,1,-1.0e-09
267,"Charles Schwab Challenge","Jordan Spieth","2021-05-25 23:54:40.778374",Backus,817500.0,"Joaquin Niemann",2021,1,-1.0e-09
268,"Charles Schwab Challenge","Abraham Ancer","2021-05-26 16:43:55.007305",smk,125625.0,"Henrik Stenson",2021,1,-1.0e-09
269,"Charles Schwab Challenge","Joaquin Niemann","2021-05-27 03:05:53.350627","Brady Irwin",18325.0,"Abraham Ancer",2021,1,-1.0e-09
270,"Charles Schwab Challenge","Jordan Spieth","2021-05-27 04:43:08.480718","Jamil Rousseau",817500.0,"Corey Conners",2021,1,-1.0e-09
271,"Charles Schwab Challenge","Abraham Ancer","2021-05-27 05:08:55.313475",lucas,125625.0,"Brian Gay",2021,1,-1.0e-09
272,"Charles Schwab Challenge","Jordan Spieth","2021-05-27 05:21:17.347089",Sohale,817500.0,"Abraham Ancer",2021,1,-1.0e-09
273,"the Memorial Tournament pres. by Nationwide","Cameron Smith","2021-06-01 19:26:34.353924","Nick’s Price is Right ",0.0,"Hideki Matsuyama",2021,1,-1.0e-09
274,"the Memorial Tournament pres. by Nationwide","Viktor Hovland","2021-06-01 19:27:50.939998",DK,26009.0,"Louis Oosthuizen",2021,1,-1.0e-09
275,"the Memorial Tournament pres. by Nationwide","Cameron Smith","2021-06-01 19:28:09.853272",smk,0.0,"Corey Conners",2021,1,-1.0e-09
276,"the Memorial Tournament pres. by Nationwide","Cameron Smith","2021-06-01 19:35:12.346272","Thomas Davidson-park",0.0,"Louis Oosthuizen",2021,1,-1.0e-09
277,"the Memorial Tournament pres. by Nationwide","Collin Morikawa","2021-06-01 22:19:14.400578",Marc,1013700.0,"Adam Hadwin",2021,1,-1.0e-09
278,"the Memorial Tournament pres. by Nationwide","Keegan Bradley","2021-06-02 06:23:57.673712",Andrew,0.0,"Hideki Matsuyama",2021,1,-1.0e-09
279,"the Memorial Tournament pres. by Nationwide","Bryson DeChambeau","2021-06-02 11:16:35.575434",Gibber46,110670.0,"Bubba Watson",2021,1,-1.0e-09
280,"the Memorial Tournament pres. by Nationwide","Justin Thomas","2021-06-02 17:13:00.006495",Backus,33015.0,"Matt Fitzpatrick",2021,1,-1.0e-09
281,"the Memorial Tournament pres. by Nationwide","Patrick Reed","2021-06-02 21:44:34.902881","Chris Karu",381300.0,"Sungjae Im",2021,1,-1.0e-09
282,"the Memorial Tournament pres. by Nationwide","Hideki Matsuyama","2021-06-02 22:09:55.350656",lucas,20460.0,"Aaron Wise",2021,1,-1.0e-09
283,"the Memorial Tournament pres. by Nationwide","Collin Morikawa","2021-06-03 02:14:58.970477","Jamil Rousseau",1013700.0,"Corey Conners",2021,1,-1.0e-09
284,"the Memorial Tournament pres. by Nationwide","Hideki Matsuyama","2021-06-03 03:09:04.937128","Brady Irwin",20460.0,"Collin Morikawa",2021,1,-1.0e-09
285,"the Memorial Tournament pres. by Nationwide","Tony Finau","2021-06-03 05:38:56.752990",Sohale,53103.0,"Kevin Streelman",2021,1,-1.0e-09
286,"the Memorial Tournament pres. by Nationwide","Hideki Matsuyama","2021-06-03 06:02:26.914837",Derek,20460.0,"Bryson DeChambeau",2021,1,-1.0e-09
287,"Palmetto Championship at Congaree","Brandt Snedeker","2021-06-08 19:04:48.099731",DK,16279.0,"Tyrrell Hatton",2021,1,-1.0e-09
288,"Palmetto Championship at Congaree","Ian Poulter","2021-06-08 19:06:27.490803","Nick’s Price is Right ",56088.0,"Tyrrell Hatton",2021,1,-1.0e-09
289,"Palmetto Championship at Congaree","Sungjae Im","2021-06-08 19:38:41.708972","Thomas Davidson-park",33337.0,"Ian Poulter",2021,1,-1.0e-09
290,"Palmetto Championship at Congaree","Tyrrell Hatton","2021-06-09 00:07:27.280987","Chris Karu",411233.0,"Aaron Baddeley",2021,1,-1.0e-09
291,"Palmetto Championship at Congaree","Matt Fitzpatrick","2021-06-09 05:52:39.485556",Marc,177025.0,"Harris English",2021,1,-1.0e-09
292,"Palmetto Championship at Congaree","Harris English","2021-06-09 18:06:21.755248",lucas,125925.0,"Tommy Fleetwood",2021,1,-1.0e-09
293,"Palmetto Championship at Congaree","Tyrrell Hatton","2021-06-09 18:11:32.421014",smk,411233.0,"Tommy Fleetwood",2021,1,-1.0e-09
294,"Palmetto Championship at Congaree","Garrick Higgo","2021-06-09 20:08:52.162721",Gibber46,1314000.0,"Bryson Nimmer",2021,1,-1.0e-09
295,"Palmetto Championship at Congaree","Sungjae Im","2021-06-10 02:19:22.517437","Jamil Rousseau",33337.0,"Kevin Kisner",2021,1,-1.0e-09
296,"Palmetto Championship at Congaree","Tommy Fleetwood","2021-06-10 02:56:31.967287",Andrew,33337.0,"Alex Noren",2021,1,-1.0e-09
297,"Palmetto Championship at Congaree","Ian Poulter","2021-06-10 03:17:18.584448","Brady Irwin",56088.0,"Nick Taylor",2021,1,-1.0e-09
298,"Palmetto Championship at Congaree","Tyrrell Hatton","2021-06-10 05:21:14.315741",Sohale,411233.0,"Patton Kizzire",2021,1,-1.0e-09
299,"Palmetto Championship at Congaree","Brandt Snedeker","2021-06-10 05:48:58.933694",Derek,16279.0,"Ian Poulter",2021,1,-1.0e-09
300,"U.S. Open","Brooks Koepka","2021-06-15 15:49:04.269869","Nick’s Price is Right ",498176.0,"Dustin Johnson",2021,1,-1.0e-09
301,"U.S. Open","Dustin Johnson","2021-06-15 15:58:09.853528",smk,125363.0,"Garrick Higgo",2021,1,-1.0e-09
302,"U.S. Open","Brooks Koepka","2021-06-15 16:01:12.580254","Chris Karu",498176.0,"Adam Hadwin",2021,1,-1.0e-09
303,"U.S. Open","Patrick Cantlay","2021-06-15 16:36:38.117782",Backus,177279.0,"Dustin Johnson",2021,1,-1.0e-09
304,"U.S. Open","Collin Morikawa","2021-06-15 17:53:08.844400","Thomas Davidson-park",498176.0,"Branden Grace",2021,1,-1.0e-09
305,"U.S. Open","Collin Morikawa","2021-06-16 03:43:46.659504",Andrew,498176.0,"Bryson DeChambeau",2021,1,-1.0e-09
306,"U.S. Open","Brooks Koepka","2021-06-16 12:23:52.655065",Gibber46,498176.0,"Louis Oosthuizen",2021,1,-1.0e-09
307,"U.S. Open","Brooks Koepka","2021-06-16 13:21:50.117631",Marc,498176.0,"Louis Oosthuizen",2021,1,-1.0e-09
308,"U.S. Open","Rory McIlroy","2021-06-16 15:44:28.666581","Jamil Rousseau",306893.0,"Bryson DeChambeau",2021,1,-1.0e-09
309,"U.S. Open","Bryson DeChambeau","2021-06-16 16:54:55.697887",DK,87941.0,"Collin Morikawa",2021,1,-1.0e-09
310,"U.S. Open","Xander Schauffele","2021-06-16 17:46:58.527602",lucas,306893.0,"Patrick Cantlay",2021,1,-1.0e-09
311,"U.S. Open","Brooks Koepka","2021-06-17 04:19:27.593145","Brady Irwin",498176.0,"Collin Morikawa",2021,1,-1.0e-09
312,"U.S. Open","Brooks Koepka","2021-06-17 04:25:59.047384",Derek,498176.0,"Louis Oosthuizen",2021,1,-1.0e-09
313,"U.S. Open","Brooks Koepka","2021-06-17 05:21:27.762630",Sohale,498176.0,"Xander Schauffele",2021,1,-1.0e-09
314,"Travelers Championship","Paul Casey","2021-06-22 19:09:41.731012",Andrew,30744.0,"Joaquin Niemann",2021,1,-1.0e-09
315,"Travelers Championship","Paul Casey","2021-06-22 19:22:13.428353",lucas,30744.0,"Patrick Cantlay",2021,1,-1.0e-09
316,"Travelers Championship","Paul Casey","2021-06-22 20:39:56.883740",DK,30744.0,"Bubba Watson",2021,1,-1.0e-09
317,"Travelers Championship","Harris English","2021-06-22 21:48:56.712041","Nick’s Price is Right ",1332000.0,"Bubba Watson",2021,1,-1.0e-09
318,"Travelers Championship","Brian Harman","2021-06-23 05:29:04.567407","Thomas Davidson-park",253820.0,"Aaron Wise",2021,1,-1.0e-09
319,"Travelers Championship","Bubba Watson","2021-06-23 12:34:27.399395",Gibber46,87690.0,"Cameron Smith",2021,1,-1.0e-09
320,"Travelers Championship","Rickie Fowler","2021-06-23 15:08:58.778758",Marc,0.0,"Mackenzie Hughes",2021,1,-1.0e-09
321,"Travelers Championship","Scottie Scheffler","2021-06-23 19:56:22.526498",Backus,19377.0,"Brian Harman",2021,1,-1.0e-09
322,"Travelers Championship","Paul Casey","2021-06-23 20:48:55.161900","Chris Karu",30744.0,"Aaron Wise",2021,1,-1.0e-09
323,"Travelers Championship","Paul Casey","2021-06-24 00:24:33.052515",smk,30744.0,"Brian Harman",2021,1,-1.0e-09
324,"Travelers Championship","Paul Casey","2021-06-24 04:00:58.269822","Brady Irwin",30744.0,"Bubba Watson",2021,1,-1.0e-09
325,"Travelers Championship","Paul Casey","2021-06-24 05:05:56.040471","Jamil Rousseau",30744.0,"Brian Harman",2021,1,-1.0e-09
326,"Travelers Championship","Paul Casey","2021-06-24 05:28:19.314580",Sohale,30744.0,"Abraham Ancer",2021,1,-1.0e-09
327,"Travelers Championship","Max Homa","2021-06-24 14:09:21.867535",Derek,0.0,"Si Woo Kim",2021,1,-1.0e-09
328,"Rocket Mortgage Classic","Matthew Wolff","2021-06-29 17:59:48.838086",DK,16575.0,"Garrick Higgo",2021,1,-1.0e-09
329,"Rocket Mortgage Classic","Joaquin Niemann","2021-06-29 18:02:14.843862","Nick’s Price is Right ",667500.0,"Hideki Matsuyama",2021,1,-1.0e-09
330,"Rocket Mortgage Classic","Jason Kokrak","2021-06-29 18:02:32.876133",lucas,166875.0,"Bubba Watson",2021,1,-1.0e-09
331,"Rocket Mortgage Classic","Kevin Kisner","2021-06-29 19:06:58.426635",Marc,211875.0,"Jason Kokrak",2021,1,-1.0e-09
332,"Rocket Mortgage Classic","Jason Kokrak","2021-06-29 19:07:25.320469","Thomas Davidson-park",166875.0,"Bubba Watson",2021,1,-1.0e-09
333,"Rocket Mortgage Classic","Will Zalatoris","2021-06-29 19:59:30.612752","Chris Karu",14325.0,"Aaron Baddeley",2021,1,-1.0e-09
334,"Rocket Mortgage Classic","Will Zalatoris","2021-06-30 02:45:19.145963",Andrew,14325.0,"Jason Kokrak",2021,1,-1.0e-09
335,"Rocket Mortgage Classic","Hideki Matsuyama","2021-06-30 13:57:11.836466",smk,0.0,"Alex Noren",2021,1,-1.0e-09
336,"Rocket Mortgage Classic","Bryson DeChambeau","2021-06-30 14:26:37.439303","Jamil Rousseau",0.0,"Will Zalatoris",2021,1,-1.0e-09
337,"Rocket Mortgage Classic","Hideki Matsuyama","2021-07-01 01:15:07.769205",Gibber46,0.0,"Curtis Thompson",2021,1,-1.0e-09
338,"Rocket Mortgage Classic","Bryson DeChambeau","2021-07-01 05:36:39.149284",Sohale,0.0,"Bubba Watson",2021,1,-1.0e-09
339,"Rocket Mortgage Classic","Jason Kokrak","2021-07-01 05:42:31.734240",Derek,166875.0,"Harold Varner III",2021,1,-1.0e-09
340,"Rocket Mortgage Classic","Jason Kokrak","2021-07-01 14:44:06.179345","Brady Irwin",166875.0,"Bryson DeChambeau",2021,1,-1.0e-09
341,"Rocket Mortgage Classic","Alex Noren","2021-07-05 02:51:16.415522",smk,337500.0,"Alex Noren",2021,1,-1.0e-09
342,"Rocket Mortgage Classic","Curtis Thompson","2021-07-05 02:51:17.573652",Gibber46,81750.0,"Curtis Thompson",2021,1,-1.0e-09
343,"John Deere Classic","Ryan Moore","2021-07-07 03:10:50.757110",DK,551800.0,"Patton Kizzire",2021,1,-1.0e-09
344,"John Deere Classic","Alex Noren","2021-07-07 05:18:11.426628","Nick’s Price is Right ",0.0,"Brian Harman",2021,1,-1.0e-09
345,"John Deere Classic","Alex Noren","2021-07-07 06:26:18.234494","Thomas Davidson-park",0.0,"Steve Stricker",2021,1,-1.0e-09
346,"John Deere Classic","Russell Henley","2021-07-07 10:36:00.811512",smk,124664.0,"Kevin Na",2021,1,-1.0e-09
347,"John Deere Classic","Kevin Streelman","2021-07-07 17:22:16.151244",Gibber46,0.0,"Steve Stricker",2021,1,-1.0e-09
348,"John Deere Classic","Brian Harman","2021-07-07 17:29:44.011144",Backus,0.0,"C.T. Pan",2021,1,-1.0e-09
349,"John Deere Classic","Alex Noren","2021-07-07 17:47:03.367388","Chris Karu",0.0,"Brian Harman",2021,1,-1.0e-09
350,"John Deere Classic","Daniel Berger","2021-07-07 21:54:12.629478",lucas,30956.0,"Chez Reavie",2021,1,-1.0e-09
351,"John Deere Classic","Troy Merritt","2021-07-08 02:04:29.050943","Jamil Rousseau",0.0,"Aaron Wise",2021,1,-1.0e-09
352,"John Deere Classic","Russell Henley","2021-07-08 03:40:27.918496",Marc,124664.0,"Alex Noren",2021,1,-1.0e-09
353,"John Deere Classic","Daniel Berger","2021-07-08 05:32:17.979903",Derek,30956.0,"Kevin Na",2021,1,-1.0e-09
354,"John Deere Classic","Maverick McNealy","2021-07-08 05:36:57.188784",Sohale,82150.0,"Kevin Streelman",2021,1,-1.0e-09
355,"The Open Championship","Dustin Johnson","2021-07-13 15:27:45.661858","Nick’s Price is Right ",255250.0,"Marc Leishman",2021,1,-1.0e-09
356,"The Open Championship","Louis Oosthuizen","2021-07-13 15:28:59.635710",Gibber46,682500.0,"Tommy Fleetwood",2021,1,-1.0e-09
357,"The Open Championship","Brooks Koepka","2021-07-13 15:30:06.179694",DK,386500.0,"Tyrrell Hatton",2021,1,-1.0e-09
358,"The Open Championship","Louis Oosthuizen","2021-07-13 16:01:25.047706",Marc,682500.0,"Tommy Fleetwood",2021,1,-1.0e-09
359,"The Open Championship","Bryson DeChambeau","2021-07-13 16:54:41.545685",Andrew,60143.0,"Jordan Spieth",2021,1,-1.0e-09
360,"The Open Championship","Brooks Koepka","2021-07-13 20:19:59.853672",smk,386500.0,"Tommy Fleetwood",2021,1,-1.0e-09
361,"The Open Championship","Justin Thomas","2021-07-13 20:20:11.498422","Thomas Davidson-park",45417.0,"Brooks Koepka",2021,1,-1.0e-09
362,"The Open Championship","Louis Oosthuizen","2021-07-13 20:39:23.568558",lucas,682500.0,"Christiaan Bezuidenhout",2021,1,-1.0e-09
363,"The Open Championship","Min Woo Lee","2021-07-14 23:15:15.452391",Backus,0.0,"Adam Scott",2021,1,-1.0e-09
364,"The Open Championship","Tyrrell Hatton","2021-07-15 02:40:06.567444","Jamil Rousseau",0.0,"Alex Noren",2021,1,-1.0e-09
365,"The Open Championship","Louis Oosthuizen","2021-07-15 04:22:17.976013","Brady Irwin",682500.0,"Collin Morikawa",2021,1,-1.0e-09
366,"The Open Championship","Louis Oosthuizen","2021-07-15 04:25:18.081190",Sohale,682500.0,"Lucas Herbert",2021,1,-1.0e-09
367,"3M Open","Bubba Watson","2021-07-20 19:25:57.370227","Thomas Davidson-park",15774.0,"Louis Oosthuizen",2021,1,-1.0e-09
368,"3M Open","Bubba Watson","2021-07-21 00:50:39.649054","Nick’s Price is Right ",15774.0,"Lanto Griffin",2021,1,-1.0e-09
369,"3M Open","Louis Oosthuizen","2021-07-21 00:53:26.301563",DK,499400.0,"Dustin Johnson",2021,1,-1.0e-09
370,"3M Open","Matthew Wolff","2021-07-21 02:12:04.660026",smk,24116.0,"Sergio Garcia",2021,1,-1.0e-09
371,"3M Open","Luke List","2021-07-21 19:53:52.842720",Marc,14718.0,"Emiliano Grillo",2021,1,-1.0e-09
372,"3M Open","Dustin Johnson","2021-07-21 19:59:35.006291",lucas,0.0,"Sergio Garcia",2021,1,-1.0e-09
373,"3M Open","Dustin Johnson","2021-07-21 20:25:41.891736","Chris Karu",0.0,"Aaron Baddeley",2021,1,-1.0e-09
374,"3M Open","Tony Finau","2021-07-21 20:37:41.184608",Gibber46,44220.0,"Hank Lebioda",2021,1,-1.0e-09
375,"3M Open","J.T. Poston","2021-07-22 05:20:42.996838",Derek,44220.0,"Rickie Fowler",2021,1,-1.0e-09
376,"3M Open","Doug Ghim","2021-07-22 05:31:40.676298",Sohale,0.0,"Patton Kizzire",2021,1,-1.0e-09
377,"WGC-FedEx St. Jude Invitational","Louis Oosthuizen","2021-08-03 19:30:18.075727",smk,128000.0,"Justin Thomas",2021,1,-1.0e-09
378,"WGC-FedEx St. Jude Invitational","Dustin Johnson","2021-08-03 19:33:44.959063",DK,220000.0,"Cameron Champ",2021,1,-1.0e-09
379,"WGC-FedEx St. Jude Invitational","Daniel Berger","2021-08-03 20:45:45.599093",Marc,380667.0,"Viktor Hovland",2021,1,-1.0e-09
380,"WGC-FedEx St. Jude Invitational","Louis Oosthuizen","2021-08-03 21:52:23.070023","Nick’s Price is Right ",128000.0,"Webb Simpson",2021,1,-1.0e-09
381,"WGC-FedEx St. Jude Invitational","Xander Schauffele","2021-08-04 06:04:54.712820",Sohale,49000.0,"Scottie Scheffler",2021,1,-1.0e-09
382,"WGC-FedEx St. Jude Invitational","Brooks Koepka","2021-08-04 16:16:10.495494",Andrew,42000.0,"Hideki Matsuyama",2021,1,-1.0e-09
383,"WGC-FedEx St. Jude Invitational","Rory McIlroy","2021-08-04 16:34:37.337400","Chris Karu",186500.0,"Aaron Rai",2021,1,-1.0e-09
384,"WGC-FedEx St. Jude Invitational","Collin Morikawa","2021-08-04 18:53:51.599047",Gibber46,89000.0,"Max Homa",2021,1,-1.0e-09
385,"WGC-FedEx St. Jude Invitational","Brooks Koepka","2021-08-04 19:03:19.735277","Thomas Davidson-park",42000.0,"Aaron Rai",2021,1,-1.0e-09
386,"WGC-FedEx St. Jude Invitational","Patrick Cantlay","2021-08-05 02:19:10.050678",lucas,105000.0,"Justin Thomas",2021,1,-1.0e-09
387,"WGC-FedEx St. Jude Invitational","Brooks Koepka","2021-08-05 02:23:03.942993","Jamil Rousseau",42000.0,"Louis Oosthuizen",2021,1,-1.0e-09
388,"Wyndham Championship","Hideki Matsuyama","2021-08-10 17:04:47.570881","Nick’s Price is Right ",0.0,"Will Zalatoris",2021,1,-1.0e-09
389,"Wyndham Championship","Webb Simpson","2021-08-10 18:11:49.501616",DK,201067.0,"Hideki Matsuyama",2021,1,-1.0e-09
390,"Wyndham Championship","Si Woo Kim","2021-08-10 18:19:34.982284",Gibber46,389440.0,"Russell Henley",2021,1,-1.0e-09
391,"Wyndham Championship","Louis Oosthuizen","2021-08-10 18:51:30.745983",Backus,38000.0,"Aaron Baddeley",2021,1,-1.0e-09
392,"Wyndham Championship","Webb Simpson","2021-08-10 19:18:43.944083",Marc,201067.0,"Will Zalatoris",2021,1,-1.0e-09
393,"Wyndham Championship","Jason Kokrak","2021-08-11 11:21:27.356197",smk,0.0,"Kevin Na",2021,1,-1.0e-09
394,"Wyndham Championship","Jason Kokrak","2021-08-11 14:30:41.468022",Sohale,0.0,"Harold Varner III",2021,1,-1.0e-09
395,"Wyndham Championship","Hank Lebioda","2021-08-11 16:18:44.455891",lucas,0.0,"Rickie Fowler",2021,1,-1.0e-09
396,"Wyndham Championship","Kevin Kisner","2021-08-11 23:24:04.491175","Chris Karu",1152000.0,"Rickie Fowler",2021,1,-1.0e-09
397,"Wyndham Championship","Sung Kang","2021-08-12 01:10:08.569242",Andrew,91342.0,"Adam Hadwin",2021,1,-1.0e-09
398,"Wyndham Championship","Rickie Fowler","2021-08-12 16:20:35.084808","Thomas Davidson-park",0.0,"Aaron Wise",2021,1,-1.0e-09
399,"THE NORTHERN TRUST","Harris English","2021-08-17 16:57:53.087962",DK,48925.0,"Hideki Matsuyama",2021,1,-1.0e-09
400,"THE NORTHERN TRUST","Adam Scott","2021-08-17 16:57:57.755864","Chris Karu",0.0,"Aaron Wise",2021,1,-1.0e-09
401,"THE NORTHERN TRUST","Collin Morikawa","2021-08-17 21:30:28.631152","Nick’s Price is Right ",0.0,"Webb Simpson",2021,1,-1.0e-09
402,"THE NORTHERN TRUST","Justin Thomas","2021-08-17 23:49:06.337352",smk,399792.0,"Sergio Garcia",2021,1,-1.0e-09
403,"THE NORTHERN TRUST","Harris English","2021-08-18 14:11:10.940360",Marc,48925.0,"Abraham Ancer",2021,1,-1.0e-09
404,"THE NORTHERN TRUST","Collin Morikawa","2021-08-18 18:03:02.832406",lucas,0.0,"Justin Thomas",2021,1,-1.0e-09
405,"THE NORTHERN TRUST","Scottie Scheffler","2021-08-18 19:41:24.624848",Sohale,32775.0,"Rory McIlroy",2021,1,-1.0e-09
406,"THE NORTHERN TRUST","Abraham Ancer","2021-08-18 22:41:17.915110","Thomas Davidson-park",20140.0,"Branden Grace",2021,1,-1.0e-09
407,"BMW Championship","Scottie Scheffler","2021-08-24 17:53:12.588404",smk,95000.0,"Webb Simpson",2021,1,-1.0e-09
408,"BMW Championship","Rory McIlroy","2021-08-24 18:17:14.663846","Nick’s Price is Right ",456000.0,"Carlos Ortiz",2021,1,-1.0e-09
409,"BMW Championship","Cameron Smith","2021-08-24 18:38:18.016460",Marc,50113.0,"Erik van Rooyen",2021,1,-1.0e-09
410,"BMW Championship","Cameron Smith","2021-08-24 19:26:08.704945",Gibber46,50113.0,"Daniel Berger",2021,1,-1.0e-09
411,"BMW Championship","Collin Morikawa","2021-08-25 05:57:11.979003",DK,20140.0,"Hideki Matsuyama",2021,1,-1.0e-09
412,"BMW Championship","Dustin Johnson","2021-08-25 20:03:41.765960",Sohale,330125.0,"Abraham Ancer",2021,1,-1.0e-09
413,"BMW Championship","Matt Jones","2021-08-25 21:52:30.521579",lucas,38000.0,"Harry Higgs",2021,1,-1.0e-09
414,"BMW Championship","Cameron Champ","2021-08-26 01:16:47.333951","Chris Karu",19475.0,"Aaron Wise",2021,1,-1.0e-09
415,"BMW Championship","Mackenzie Hughes","2021-08-26 02:51:50.381371",Backus,22154.0,"Aaron Wise",2021,1,-1.0e-09
416,"BMW Championship","Patrick Cantlay","2021-08-26 03:08:25.623028","Thomas Davidson-park",1710000.0,"Webb Simpson",2021,1,-1.0e-09
417,"BMW Championship","Hideki Matsuyama","2021-08-26 09:33:54.470603","Jamil Rousseau",28500.0,"Cameron Smith",2021,1,-1.0e-09
418,"TOUR Championship","Sam Burns","2021-09-02 15:08:49.298310","Nick’s Price is Right ",0.0,"Sungjae Im",2021,1,-1.0e-09
419,"TOUR Championship","Sam Burns","2021-09-02 15:11:37.768357",DK,0.0,"Hideki Matsuyama",2021,1,-1.0e-09
420,"Sentry Tournament of Champions","Seamus Power","2022-01-05 21:22:54.761107",smk,0.0,"Daniel Berger",2023,0,-1.0e-09
421,"Sentry Tournament of Champions","Collin Morikawa","2022-01-06 16:04:09.431648",DK,0.0,"Justin Thomas",2023,0,-1.0e-09
422,"Sentry Tournament of Champions","Cameron Smith","2022-01-06 20:04:25.930108","Thomas Davidson-park",0.0,"Marc Leishman",2023,2,-1.0e-09
423,"Sentry Tournament of Champions","Cameron Smith","2022-01-07 20:28:26.899798",smk,0.0,"Abraham Ancer",2023,1,-1.0e-09
424,"Sentry Tournament of Champions","Justin Thomas","2022-01-07 21:30:35.561262",DK,0.0,"Justin Thomas",2023,1,-1.0e-09
425,"Sony Open in Hawaii","Hideki Matsuyama","2022-01-12 20:35:18.678908",DK,0.0,"Marc Leishman",2023,1,-1.0e-09
426,"Sony Open in Hawaii","Adam Svensson","2022-01-13 13:16:09.867474",smk,0.0,"Beau Hossler",2023,1,-1.0e-09
427,"The American Express","Jon Rahm","2022-01-19 22:35:30.409116",DK,445200.0,"Matthew Wolff",2023,1,-1.0e-09
428,"The American Express","Brandt Snedeker","2022-01-19 22:38:41.318641",lucas,0.0,"Jason Day",2023,1,-1.0e-09
429,"The American Express","Will Zalatoris","2022-01-19 22:52:58.263976",smk,915600.0,"Aaron Rai",2023,1,-1.0e-09
430,"The American Express","Jason Day","2022-01-20 15:18:50.136386","Thomas Davidson-park",0.0,"Rickie Fowler",2023,0,-1.0e-09
431,"The American Express","Patrick Cantlay","2022-01-21 17:21:20.346852",DK,391500.0,"Aaron Rai",2023,1,122.0
432,"The American Express","Aaron Rai","2022-01-21 17:31:16.498611","Thomas Davidson-park",265020.0,"Aaron Rai",2023,1,-1.0e-09
433,"The American Express","Rickie Fowler","2022-01-21 17:31:50.206325","Thomas Davidson-park",0.0,"Rickie Fowler",2023,1,-1.0e-09
434,"Farmers Insurance Open","Tony Finau","2022-01-25 17:56:29.650013",DK,0.0,"Jon Rahm",2022,0,0.0
435,"Farmers Insurance Open","Xander Schauffele","2022-01-25 18:07:13.966324","Nick’s Price is Right ",43764.0,"Sam Burns",2022,1,20.0
436,"Farmers Insurance Open","Marc Leishman","2022-01-25 20:15:41.894367","Thomas Davidson-park",132300.0,"Cameron Tringale",2022,1,50.0
437,"Farmers Insurance Open","Will Zalatoris","2022-01-25 23:48:30.439784",Gibber46,915600.0,"Jon Rahm",2022,1,300.0
438,"Farmers Insurance Open","Marc Leishman","2022-01-26 00:20:28.141936",Backus,132300.0,"Sam Burns",2022,1,50.0
439,"Farmers Insurance Open","Daniel Berger","2022-01-26 05:18:47.896615",Derek,95508.0,"Will Zalatoris",2022,1,41.0
440,"Farmers Insurance Open","Tony Finau","2022-01-26 06:35:13.402962",Sohale,0.0,"Will Zalatoris",2022,1,0.0
441,"Farmers Insurance Open","Daniel Berger","2022-01-26 06:46:57.689404",lucas,95508.0,"Max Homa",2022,1,41.0
442,"Farmers Insurance Open","Will Zalatoris","2022-01-26 13:17:36.709355",smk,915600.0,"Emiliano Grillo",2022,1,300.0
443,"Farmers Insurance Open","Tony Finau","2022-01-26 14:12:47.779868","Jamil Rousseau",0.0,"Maverick McNealy",2022,1,0.0
444,"Farmers Insurance Open","Talor Gooch","2022-01-26 15:46:19.201896",Andrew,95508.0,"Corey Conners",2022,1,41.0
445,"Farmers Insurance Open","Marc Leishman","2022-01-26 16:09:50.901410","Brady Irwin",132300.0,"Jon Rahm",2022,1,50.0
446,"Farmers Insurance Open","Ryan Palmer","2022-01-26 16:52:57.215639","Uncle Ricky ",132300.0,"Will Zalatoris",2022,1,50.0
447,"Farmers Insurance Open","Cameron Champ","2022-01-26 17:02:24.227108","Chris Karu",22008.0,"Bill Haas",2022,1,8.0
448,"Farmers Insurance Open","Jon Rahm","2022-01-28 05:12:02.947244",DK,445200.0,"Jon Rahm",2022,1,145.0
449,"AT&T Pebble Beach Pro-Am","Pat Perez","2022-02-02 13:16:21.414353",smk,237075.0,"Pat Perez",2022,1,75.0
450,"AT&T Pebble Beach Pro-Am","Patrick Cantlay","2022-02-02 15:38:37.227424",Gibber46,391500.0,"Stewart Cink",2022,1,122.0
451,"AT&T Pebble Beach Pro-Am","Justin Rose","2022-02-02 16:27:17.053633","Nick’s Price is Right ",19227.0,"Jason Day",2022,1,5.0
452,"AT&T Pebble Beach Pro-Am","Maverick McNealy","2022-02-02 16:56:46.516862","Chris Karu",43548.0,"Cameron Tringale",2022,1,19.0
453,"AT&T Pebble Beach Pro-Am","Keith Mitchell","2022-02-02 17:49:07.599859",DK,193575.0,"Jordan Spieth",2022,1,62.0
454,"AT&T Pebble Beach Pro-Am","Jason Day","2022-02-02 22:07:24.836727",Derek,74603.0,"Patrick Cantlay",2022,1,35.0
455,"AT&T Pebble Beach Pro-Am","Justin Rose","2022-02-02 23:57:07.621529",Andrew,19227.0,"Seamus Power",2022,1,5.0
456,"AT&T Pebble Beach Pro-Am","Patrick Cantlay","2022-02-03 03:09:50.723707","Thomas Davidson-park",391500.0,"Cameron Tringale",2022,1,122.0
457,"AT&T Pebble Beach Pro-Am","Kevin Streelman","2022-02-03 03:32:44.679037","Jamil Rousseau",0.0,"Kevin Kisner",2022,1,0.0
458,"AT&T Pebble Beach Pro-Am","Matt Fitzpatrick","2022-02-03 04:18:31.783688",Backus,293625.0,"Justin Rose",2022,1,92.0
459,"AT&T Pebble Beach Pro-Am","Patrick Cantlay","2022-02-03 06:03:54.826318",lucas,391500.0,"Aaron Rai",2022,1,122.0
460,"AT&T Pebble Beach Pro-Am","Patrick Cantlay","2022-02-03 06:18:47.222115",Sohale,391500.0,"Kevin Streelman",2022,1,122.0
461,"AT&T Pebble Beach Pro-Am","Justin Rose","2022-02-03 10:59:03.482322","Uncle Ricky ",19227.0,"Christiaan Bezuidenhout",2022,1,5.0
462,"WM Phoenix Open","Jordan Spieth","2022-02-08 22:35:25.938051","Nick’s Price is Right ",18368.0,"Justin Thomas",2022,1,5.0
463,"WM Phoenix Open","Sam Burns","2022-02-08 22:48:14.749150",smk,0.0,"Sam Burns",2022,1,3.0
464,"WM Phoenix Open","Scottie Scheffler","2022-02-08 23:19:37.967079","Chris Karu",1476000.0,"Sam Burns",2022,1,500.0
465,"WM Phoenix Open","Daniel Berger","2022-02-08 23:24:24.774653",Backus,0.0,"Webb Simpson",2022,1,0.0
466,"WM Phoenix Open","Jordan Spieth","2022-02-09 00:09:31.418381","Thomas Davidson-park",18368.0,"Billy Horschel",2022,1,5.0
467,"WM Phoenix Open","Justin Thomas","2022-02-09 02:23:48.741196",Derek,248050.0,"Viktor Hovland",2022,1,82.0
468,"WM Phoenix Open","Justin Thomas","2022-02-09 03:51:47.422661","Brady Irwin",248050.0,"Jon Rahm",2022,1,82.0
469,"WM Phoenix Open","Jon Rahm","2022-02-09 04:24:05.830499",Gibber46,198850.0,"Justin Thomas",2022,1,68.0
470,"WM Phoenix Open","Bubba Watson","2022-02-09 20:11:46.347302",lucas,133250.0,"Rickie Fowler",2022,1,51.0
471,"WM Phoenix Open","Jordan Spieth","2022-02-09 20:41:01.971560",DK,18368.0,"Abraham Ancer",2022,1,5.0
472,"WM Phoenix Open","Jordan Spieth","2022-02-09 22:05:52.761437","Jamil Rousseau",18368.0,"Jon Rahm",2022,1,5.0
473,"WM Phoenix Open","Hideki Matsuyama","2022-02-09 23:08:19.813918",Andrew,248050.0,"Viktor Hovland",2022,1,82.0
474,"WM Phoenix Open","Scottie Scheffler","2022-02-10 06:55:51.852639",Sohale,1476000.0,"Bubba Watson",2022,1,500.0
475,"WM Phoenix Open","Hideki Matsuyama","2022-02-10 16:22:49.908279","Uncle Ricky ",248050.0,"Billy Horschel",2022,1,82.0
476,"The Genesis Invitational","Hideki Matsuyama","2022-02-16 18:42:21.157672",DK,45000.0,"Max Homa",2022,1,13.0
477,"The Genesis Invitational","Cameron Smith","2022-02-16 18:46:58.386802",smk,64000.0,"Patrick Cantlay",2022,1,21.0
478,"The Genesis Invitational","Cameron Smith","2022-02-16 18:58:03.498562",Backus,64000.0,"Jon Rahm",2022,1,21.0
479,"The Genesis Invitational","Sungjae Im","2022-02-16 19:16:28.213980","Chris Karu",64000.0,"Sungjae Im",2022,1,21.0
480,"The Genesis Invitational","Xander Schauffele","2022-02-16 20:09:49.327486",Gibber46,243000.0,"Rory McIlroy",2022,1,58.0
481,"The Genesis Invitational","Xander Schauffele","2022-02-16 20:15:32.151910",Andrew,243000.0,"Will Zalatoris",2022,1,58.0
482,"The Genesis Invitational","Adam Scott","2022-02-16 22:15:04.224706",lucas,540000.0,"Tony Finau",2022,1,122.0
483,"The Genesis Invitational","Dustin Johnson","2022-02-17 02:12:56.005811","Nick’s Price is Right ",0.0,"Dustin Johnson",2022,1,0.0
484,"The Genesis Invitational","Xander Schauffele","2022-02-17 03:50:00.952619","Brady Irwin",243000.0,"Patrick Cantlay",2022,1,58.0
485,"The Genesis Invitational","Patrick Cantlay","2022-02-17 04:21:41.071831",Derek,64000.0,"Dustin Johnson",2022,1,21.0
486,"The Genesis Invitational","Cameron Smith","2022-02-17 06:19:17.128510",Sohale,64000.0,"Xander Schauffele",2022,1,21.0
487,"The Genesis Invitational","Hideki Matsuyama","2022-02-17 06:37:33.217057","Thomas Davidson-park",45000.0,"Abraham Ancer",2022,1,13.0
488,"The Genesis Invitational","Rory McIlroy","2022-02-17 16:25:38.808822","Jamil Rousseau",303000.0,"Corey Conners",2022,1,70.0
489,"The Honda Classic","Brooks Koepka","2022-02-22 21:26:03.488034","Thomas Davidson-park",106533.0,"Sungjae Im",2022,1,45.0
490,"The Honda Classic","C.T. Pan","2022-02-23 02:58:17.214580","Nick’s Price is Right ",106533.0,"Billy Horschel",2022,1,45.0
491,"The Honda Classic","Sungjae Im","2022-02-23 03:38:38.114609",DK,0.0,"Joaquin Niemann",2022,1,0.0
492,"The Honda Classic","Sungjae Im","2022-02-23 03:42:33.502503",Gibber46,0.0,"Taylor Pendrith",2022,0,0.0
493,"The Honda Classic","Brooks Koepka","2022-02-23 03:47:30.189979",Backus,106533.0,"Louis Oosthuizen",2022,1,45.0
494,"The Honda Classic","Billy Horschel","2022-02-23 15:13:00.226086",lucas,106533.0,"Brooks Koepka",2022,1,45.0
495,"The Honda Classic","Daniel Berger","2022-02-23 16:07:38.061619","Jamil Rousseau",784000.0,"Mackenzie Hughes",2022,2,135.0
496,"The Honda Classic","Tommy Fleetwood","2022-02-23 18:06:49.832236","Chris Karu",0.0,"Keith Mitchell",2022,1,0.0
497,"The Honda Classic","Brooks Koepka","2022-02-23 22:10:16.026544",smk,106533.0,"Louis Oosthuizen",2022,1,45.0
498,"The Honda Classic","Sungjae Im","2022-02-23 22:31:24.649865",Andrew,0.0,"Louis Oosthuizen",2022,1,0.0
499,"The Honda Classic","Mackenzie Hughes","2022-02-24 04:09:03.931675","Brady Irwin",20286.0,"Billy Horschel",2022,1,8.0
500,"The Honda Classic","Billy Horschel","2022-02-24 05:27:52.614003",Derek,106533.0,"C.T. Pan",2022,1,45.0
501,"The Honda Classic","Billy Horschel","2022-02-24 06:34:26.352908","Uncle Ricky ",106533.0,"Sungjae Im",2022,1,45.0
502,"The Honda Classic","Billy Horschel","2022-02-24 06:42:44.728216",Sohale,106533.0,"Jhonattan Vegas",2022,1,45.0
503,"The Honda Classic","Taylor Pendrith","2022-02-25 17:45:14.221658",Gibber46,62800.0,"Taylor Pendrith",2022,1,32.0
504,"Arnold Palmer Invitational pres. by Mastercard","Rory McIlroy","2022-03-01 20:32:27.912343",smk,228000.0,"Marc Leishman",2022,1,61.0
505,"Arnold Palmer Invitational pres. by Mastercard","Viktor Hovland","2022-03-01 21:30:10.467907","Thomas Davidson-park",1816000.0,"Viktor Hovland",2022,2,218.0
506,"Arnold Palmer Invitational pres. by Mastercard","Marc Leishman","2022-03-01 21:44:17.438280",DK,24720.0,"Cam Davis",2022,1,4.0
507,"Arnold Palmer Invitational pres. by Mastercard","Rory McIlroy","2022-03-01 21:50:35.162680",Gibber46,456000.0,"Adam Scott",2022,2,61.0
508,"Arnold Palmer Invitational pres. by Mastercard","Rory McIlroy","2022-03-01 21:53:58.658830","Chris Karu",228000.0,"Max Homa",2022,1,61.0
509,"Arnold Palmer Invitational pres. by Mastercard","Scottie Scheffler","2022-03-01 22:34:12.816584","Nick’s Price is Right ",2160000.0,"Rory McIlroy",2022,1,550.0
510,"Arnold Palmer Invitational pres. by Mastercard","Matt Fitzpatrick","2022-03-01 22:55:07.053285",lucas,339000.0,"Marc Leishman",2022,1,80.0
511,"Arnold Palmer Invitational pres. by Mastercard","Rory McIlroy","2022-03-02 00:05:44.110398",Backus,228000.0,"Corey Conners",2022,1,61.0
512,"Arnold Palmer Invitational pres. by Mastercard","Will Zalatoris","2022-03-02 14:14:47.458777","Jamil Rousseau",53400.0,"Jon Rahm",2022,1,19.0
513,"Arnold Palmer Invitational pres. by Mastercard","Viktor Hovland","2022-03-02 17:01:19.728181",Andrew,908000.0,"Will Zalatoris",2022,1,218.0
514,"Arnold Palmer Invitational pres. by Mastercard","Will Zalatoris","2022-03-02 22:36:22.127115","Brady Irwin",53400.0,"Hideki Matsuyama",2022,1,19.0
515,"Arnold Palmer Invitational pres. by Mastercard","Viktor Hovland","2022-03-03 05:30:09.077501","Uncle Ricky ",908000.0,"Chris Kirk",2022,1,218.0
516,"Arnold Palmer Invitational pres. by Mastercard","Rory McIlroy","2022-03-03 06:05:55.835693",Derek,228000.0,"Viktor Hovland",2022,1,61.0
517,"Arnold Palmer Invitational pres. by Mastercard","Matt Fitzpatrick","2022-03-03 06:28:11.700285",Sohale,339000.0,"Will Zalatoris",2022,1,80.0
518,"THE PLAYERS Championship","Patrick Cantlay","2022-03-08 17:56:08.094930",smk,0.0,"Collin Morikawa",2022,1,0.0
519,"THE PLAYERS Championship","Collin Morikawa","2022-03-08 20:27:12.872910","Nick’s Price is Right ",0.0,"Jon Rahm",2022,0,0.0
520,"THE PLAYERS Championship","Collin Morikawa","2022-03-08 20:46:45.770839","Chris Karu",0.0,"Patrick Cantlay",2022,1,0.0
521,"THE PLAYERS Championship","Viktor Hovland","2022-03-08 21:26:10.937980",DK,525000.0,"Brooks Koepka",2022,1,80.0
522,"THE PLAYERS Championship","Justin Thomas","2022-03-09 03:23:59.531756","Jamil Rousseau",100111.0,"Jon Rahm",2022,1,22.0
523,"THE PLAYERS Championship","Cameron Smith","2022-03-09 15:23:02.727296","Thomas Davidson-park",3600000.0,"Jason Day",2022,1,600.0
524,"THE PLAYERS Championship","Justin Thomas","2022-03-09 15:48:55.848323",Andrew,100111.0,"Brooks Koepka",2022,1,22.0
525,"THE PLAYERS Championship","Collin Morikawa","2022-03-09 16:57:13.945966",Gibber46,0.0,"Justin Thomas",2022,1,0.0
526,"THE PLAYERS Championship","Collin Morikawa","2022-03-10 01:06:07.767421","Brady Irwin",0.0,"Jon Rahm",2022,0,0.0
527,"THE PLAYERS Championship","Patrick Cantlay","2022-03-10 02:04:47.297127","Uncle Ricky ",0.0,"Justin Thomas",2022,1,0.0
528,"THE PLAYERS Championship","Jon Rahm","2022-03-10 03:38:37.134056",Backus,46200.0,"Collin Morikawa",2022,1,6.0
529,"THE PLAYERS Championship","Collin Morikawa","2022-03-10 05:56:58.763321",Derek,0.0,"Viktor Hovland",2022,0,0.0
530,"THE PLAYERS Championship","Collin Morikawa","2022-03-10 06:01:37.743047",Sohale,0.0,"Corey Conners",2022,0,0.0
531,"THE PLAYERS Championship","Joaquin Niemann","2022-03-10 07:26:55.861970",lucas,201000.0,"Rory McIlroy",2022,1,43.0
532,"THE PLAYERS Championship","Jon Rahm","2022-03-12 23:29:21.734117","Brady Irwin",46200.0,"Jon Rahm",2022,1,6.0
533,"THE PLAYERS Championship","Corey Conners","2022-03-13 15:35:18.616821",Sohale,143000.0,"Corey Conners",2022,1,33.0
534,"THE PLAYERS Championship","Viktor Hovland","2022-03-13 17:07:51.099170",Derek,525000.0,"Viktor Hovland",2022,1,80.0
535,"THE PLAYERS Championship","Jon Rahm","2022-03-13 18:14:37.517393","Nick’s Price is Right ",46200.0,"Jon Rahm",2022,1,6.0
536,"Valspar Championship","Louis Oosthuizen","2022-03-15 18:11:09.597570","Nick’s Price is Right ",17004.0,"Shane Lowry",2022,1,4.0
537,"Valspar Championship","Abraham Ancer","2022-03-15 19:40:11.870253",DK,0.0,"Shane Lowry",2022,1,0.0
538,"Valspar Championship","Sam Burns","2022-03-15 21:11:15.787462","Thomas Davidson-park",1404000.0,"Dustin Johnson",2022,1,500.0
539,"Valspar Championship","Xander Schauffele","2022-03-16 13:20:06.230159",smk,159900.0,"Viktor Hovland",2022,1,59.0
540,"Valspar Championship","Dustin Johnson","2022-03-16 16:03:08.929211","Jamil Rousseau",29250.0,"Viktor Hovland",2022,1,13.0
541,"Valspar Championship","Viktor Hovland","2022-03-16 18:07:05.121631",Gibber46,41600.0,"Adam Svensson",2022,1,21.0
542,"Valspar Championship","Louis Oosthuizen","2022-03-16 19:23:51.851089",Andrew,17004.0,"Tyrrell Hatton",2022,1,4.0
543,"Valspar Championship","Dustin Johnson","2022-03-16 20:23:37.820196",Backus,29250.0,"Louis Oosthuizen",2022,1,13.0
544,"Valspar Championship","Abraham Ancer","2022-03-16 20:46:19.586384","Chris Karu",0.0,"Dustin Johnson",2022,1,0.0
545,"Valspar Championship","Louis Oosthuizen","2022-03-16 23:22:00.187209",lucas,17004.0,"Keegan Bradley",2022,1,4.0
546,"Valspar Championship","Adam Hadwin","2022-03-17 02:14:56.548253","Brady Irwin",228930.0,"Keegan Bradley",2022,1,80.0
547,"Valspar Championship","Viktor Hovland","2022-03-17 05:45:31.053381",Sohale,41600.0,"Louis Oosthuizen",2022,1,21.0
548,"Valspar Championship","Tommy Fleetwood","2022-03-17 08:01:44.803823","Uncle Ricky ",118950.0,"Justin Thomas",2022,1,49.0
549,"WGC-Dell Technologies Match Play","Sergio Garcia","2022-03-22 19:49:37.946953","Thomas Davidson-park",97111.0,"Joaquin Niemann",2022,1,31.7
550,"WGC-Dell Technologies Match Play","Joaquin Niemann","2022-03-22 20:17:54.411047","Nick’s Price is Right ",58239.0,"Patrick Cantlay",2022,1,13.3
551,"WGC-Dell Technologies Match Play","Talor Gooch","2022-03-22 21:27:18.526715",lucas,133875.0,"Russell Henley",2022,1,47.2
552,"WGC-Dell Technologies Match Play","Justin Thomas","2022-03-22 22:59:49.320330",smk,58239.0,"Jon Rahm",2022,0,13.3
553,"WGC-Dell Technologies Match Play","Patrick Cantlay","2022-03-22 23:00:19.931715",DK,97111.0,"Ian Poulter",2022,1,31.7
554,"WGC-Dell Technologies Match Play","Kevin Kisner","2022-03-23 02:45:31.916100","Jamil Rousseau",1320000.0,"Patrick Cantlay",2022,1,315.0
555,"WGC-Dell Technologies Match Play","Scottie Scheffler","2022-03-23 02:55:12.784526",Andrew,2100000.0,"Billy Horschel",2022,1,550.0
556,"WGC-Dell Technologies Match Play","Paul Casey","2022-03-23 02:57:49.931248","Brady Irwin",42750.0,"Corey Conners",2022,0,5.2
557,"WGC-Dell Technologies Match Play","Scottie Scheffler","2022-03-23 03:20:27.007642",Backus,2100000.0,"Xander Schauffele",2022,1,550.0
558,"WGC-Dell Technologies Match Play","Shane Lowry","2022-03-23 03:36:36.661890",Derek,58239.0,"Joaquin Niemann",2022,1,13.3
559,"WGC-Dell Technologies Match Play","Xander Schauffele","2022-03-23 04:30:48.995407",Sohale,58239.0,"Tom Hoge",2022,1,13.3
560,"WGC-Dell Technologies Match Play","Scottie Scheffler","2022-03-23 05:57:58.593335","Uncle Ricky ",2100000.0,"Paul Casey",2022,1,550.0
561,"WGC-Dell Technologies Match Play","Matthew Wolff","2022-03-23 06:24:12.284386",Gibber46,42750.0,"Dustin Johnson",2022,1,5.2
562,"WGC-Dell Technologies Match Play","Thomas Pieters","2022-03-24 20:59:03.995409","Chris Karu",97111.0,"Max Homa",2022,1,31.7
563,"WGC-Dell Technologies Match Play","Daniel Berger","2022-03-24 21:01:36.651538","Brady Irwin",58239.0,"Daniel Berger",2022,1,13.3
564,"WGC-Dell Technologies Match Play","Jon Rahm","2022-03-26 00:44:36.618702",smk,220000.0,"Jon Rahm",2022,1,68.2
565,"Valero Texas Open","Corey Conners","2022-03-29 19:04:54.144992",Gibber46,41925.0,"Harry Higgs",2022,1,18.0
566,"Valero Texas Open","Corey Conners","2022-03-29 19:05:16.106298","Nick’s Price is Right ",41925.0,"Abraham Ancer",2022,1,18.0
567,"Valero Texas Open","Corey Conners","2022-03-29 19:36:49.890388","Jamil Rousseau",41925.0,"Corey Conners",2022,1,18.0
568,"Valero Texas Open","Maverick McNealy","2022-03-29 19:41:48.888855",DK,41925.0,"Adam Hadwin",2022,1,18.0
569,"Valero Texas Open","Jordan Spieth","2022-03-29 21:58:26.431846",smk,41925.0,"Corey Conners",2022,1,18.0
570,"Valero Texas Open","Corey Conners","2022-03-30 06:55:53.370876",Andrew,41925.0,"Adam Hadwin",2022,1,18.0
571,"Valero Texas Open","Corey Conners","2022-03-30 07:20:56.796818","Thomas Davidson-park",41925.0,"Adam Hadwin",2022,1,18.0
572,"Valero Texas Open","Bryson DeChambeau","2022-03-30 15:25:46.880956","Chris Karu",0.0,"Adam Hadwin",2022,1,0.0
573,"Valero Texas Open","Corey Conners","2022-03-30 20:17:41.231364",Backus,41925.0,"Adam Hadwin",2022,1,18.0
574,"Valero Texas Open","Rory McIlroy","2022-03-30 22:41:22.965280",lucas,0.0,"Adam Hadwin",2022,1,0.0
575,"Valero Texas Open","Maverick McNealy","2022-03-31 02:32:45.898028","Brady Irwin",41925.0,"Charley Hoffman",2022,1,18.0
576,"Valero Texas Open","Corey Conners","2022-03-31 04:52:34.662964",Derek,41925.0,"Abraham Ancer",2022,1,18.0
577,"Valero Texas Open","Jordan Spieth","2022-03-31 05:37:23.950727",Sohale,41925.0,"Gary Woodland",2022,1,18.0
578,"Masters Tournament","Dustin Johnson","2022-04-05 18:26:37.556161",DK,330000.0,"Brooks Koepka",2022,1,70.0
579,"Masters Tournament","Jon Rahm","2022-04-05 20:37:17.517751","Thomas Davidson-park",111000.0,"Dustin Johnson",2022,1,35.0
580,"Masters Tournament","Dustin Johnson","2022-04-05 22:31:15.143053",Andrew,330000.0,"Cameron Smith",2022,1,70.0
581,"Masters Tournament","Collin Morikawa","2022-04-05 23:38:52.528685",Backus,600000.0,"Will Zalatoris",2022,1,120.0
582,"Masters Tournament","Tiger Woods","2022-04-06 02:01:04.423397",Gibber46,43500.0,"Brooks Koepka",2022,1,11.0
583,"Masters Tournament","Scottie Scheffler","2022-04-06 18:04:29.350100",smk,5400000.0,"Patrick Reed",2022,2,600.0
584,"Masters Tournament","Cameron Smith","2022-04-06 18:10:09.153850",lucas,870000.0,"Jordan Spieth",2022,1,180.0
585,"Masters Tournament","Justin Thomas","2022-04-06 21:14:11.601805","Nick’s Price is Right ",450000.0,"Daniel Berger",2022,1,91.0
586,"Masters Tournament","Justin Thomas","2022-04-07 05:30:15.647101",Sohale,450000.0,"Will Zalatoris",2022,1,91.0
587,"Masters Tournament","Brooks Koepka","2022-04-07 10:58:00.329395",Derek,0.0,"Cameron Smith",2022,1,0.0
588,"Masters Tournament","Cameron Smith","2022-04-07 13:04:12.664713","Chris Karu",870000.0,"Will Zalatoris",2022,1,180.0
589,"Masters Tournament","Cameron Smith","2022-04-07 13:32:27.394463","Jamil Rousseau",0.0,"Scottie Scheffler",2022,0,180.0
590,"Masters Tournament","Scottie Scheffler","2022-04-07 13:38:58.400525","Brady Irwin",5400000.0,"Jordan Spieth",2022,2,600.0
591,"Masters Tournament","Cameron Smith","2022-04-07 15:33:39.357869","Uncle Ricky ",870000.0,"Justin Thomas",2022,1,180.0
592,"Masters Tournament","Scottie Scheffler","2022-04-09 05:29:40.515496","Jamil Rousseau",2700000.0,"Scottie Scheffler",2022,1,600.0
